yy;id;January;February;March;April;May;June;July;August;September;October;November;December
1995;abruzzo_1112;0;0;0;0;0;0;0;0;0;0;0;0
2005;abruzzo_1112;0;0;0;0;0;0;0;0;0;0;0;0
1985;abruzzo_1707;0;0;0;0;0;0;0;0;0;0;0;0
1995;abruzzo_1707;0;0;0;0;0;0;0;0;0;0;0;0
2005;abruzzo_1707;0;0;0;0;0;0;0;0;0;0;0;0
1985;abruzzo_1940;0;0;0;0;0;0;0;0;0;0;0;0
1995;abruzzo_1940;0;0;0;0;0;0;0;0;0;0;0;0
2005;abruzzo_1966;0;0;0;0;0;0;0;0;0;0;0;0
1985;abruzzo_1975;0;0;0;0;0;0;0;0;0;0;0;0
1995;abruzzo_1975;0;0;0;0;0;0;0;0;0;0;0;0
2005;abruzzo_1975;0;0;0;0;0;0;0;0;0;0;0;0
1985;abruzzo_1982;0;0;NA;NA;NA;NA;NA;NA;NA;NA;NA;0
1995;abruzzo_1982;0;0;0;0;0;0;0.034482758620689655;0.034482758620689655;0;0;0;0
2005;abruzzo_1982;0;0;0;0;0;0;0.034482758620689655;0.034482758620689655;0;0;0;0
1985;abruzzo_2;0;0;0;0;0;0;0;0;0;0;0;0
1995;abruzzo_2;0;0;0;0;0;0;0;0;0;0;0;0
2005;abruzzo_2;0;0;0;0;0;0;0;0.034482758620689655;0;0;0;0
1985;abruzzo_2135;0;0;0;0;0;0;0;0;0;0;0;0
1995;abruzzo_2135;0;0;0;0;0;0;0;0;0;0;0;0
2005;abruzzo_2135;0;0;0;0;0;0;0;0;0;0;0;0
2005;abruzzo_2137;0;0;0;0;0;0;0;0.07142857142857142;0;0;0;0
1985;abruzzo_2159;0;0;0;0;0;0;0.041666666666666664;0;0;0;0;0
1995;abruzzo_2159;0;0;0;0;0;0;0.034482758620689655;0;0;0;0;0
2005;abruzzo_2159;0;0;0;0;0;0;0;0.3103448275862069;0;0;0;0
1985;abruzzo_2177;0;0;0;0;0;0;0;0;0;0;0;0
1995;abruzzo_2177;0;0;0;0;0;0;0;0;0;0;0;0
2005;abruzzo_2177;0;0;0;0;0;0;0;0.11538461538461539;0;0;0;0
1985;abruzzo_2258;0;0;0;0;0;0;0;0;0;0;0;0
1995;abruzzo_2258;0;0;0;0;0;0;0;0;0;0;0;0
2005;abruzzo_2258;0;0;0;0;0;0;0;0;0;0;0;0
1985;abruzzo_2274;0;0;0;0;0;0;0;0;0;0;0;0
1995;abruzzo_2274;0;0;0;0;0;0;0;0;0;0;0;0
2005;abruzzo_2274;0;0;0;0;0;0;0;0;0;0;0;0
1975;aeronautica_6686;0;0;0;0;0;0;0;0;0;0;0;0
1985;aeronautica_6686;0;0;0;0;0;0;0;0;0;0;0;0
1995;aeronautica_6686;0;0;0;0;0;0;0;0;0;0;0;0
2005;aeronautica_6686;0;0;0;0;0;0;0;0;0;0;0;0
1975;aeronautica_6690;0;0;0;NA;NA;NA;NA;NA;NA;NA;NA;NA
1985;aeronautica_6690;0;0;0;0;0;0;0;0;0;0;0;0
1995;aeronautica_6690;0;0;0;0;0;0;0;0;0;0;0;0
2005;aeronautica_6690;0;0;0;0;0;0;0;0;0;0;0;0
1975;aeronautica_6691;0;0;0;0;0;0;0;0;0;0;0;0
1985;aeronautica_6691;0;0;0;0;0;0;0;0;0;0;0;0
1995;aeronautica_6691;0;0;0;0;0;0;0;0;0;0;0;0
2005;aeronautica_6691;0;0;0;0;0;0;0;0;0;0;0;0
1975;aeronautica_6692;0;0;0;0;0;0;0;0;0;0;0;0
1985;aeronautica_6692;0;0;0;0;0;0;0;0;0;0;0;0
1995;aeronautica_6692;0;0;0;0;0;0;0;0;0;0;0;0
2005;aeronautica_6692;0;0;0;0;0;0;0;0;0;0;0;0
1975;aeronautica_6693;0;0;0;0;0;0;0;0;0;0;0;0
1985;aeronautica_6693;0;0;0;0;0;0;0;0;0;0;0;0
1995;aeronautica_6693;0;0;0;0;0;0;0;0;0;0;0;0
2005;aeronautica_6693;0;0;0;0;0;0;0;0;0;0;0;0
1975;aeronautica_6694;0;0;0;0;0;0;0;0;0;0;0;0
1985;aeronautica_6694;0;0;0;0;0;0;0;0;0;0;0;0
1995;aeronautica_6694;0;0;0;0;0;0;0;0;0;0;0;0
2005;aeronautica_6694;0;0;0;0;0;0;0;0;0;0;0;0
1975;aeronautica_6697;0;0;0;0;0;0;0;0;0;0;0;0
1985;aeronautica_6697;0;0;0;0;0;0;0;0;0;0;0;0
1995;aeronautica_6697;0;0;0;0;0;0;0;0;0;0;0;0
2005;aeronautica_6697;0;0;0;0;0;0;0;0;0;0;0;0
1985;aeronautica_6700;0;0;0;0;0;0;0;0;0;0;0;0
1995;aeronautica_6700;0;0;0;0;0;0;0;0;0;0;0;0
2005;aeronautica_6700;NA;0;0;0;0;0;0;NA;0;0;0;NA
1975;aeronautica_6703;NA;0;0;NA;NA;NA;NA;NA;NA;NA;NA;NA
1985;aeronautica_6703;0;0;0;0;0;0;NA;0;0;NA;0;0
1995;aeronautica_6703;0;0;0;0;0;0;NA;0;0;NA;0;0
2005;aeronautica_6703;0;0;0;0;0;NA;0;0;0;0;0;0
1975;aeronautica_6707;0;0;0;0;0;0;0;0;0;0;0;0
1985;aeronautica_6707;0;0;0;0;0;0;0;0;0;0;0;0
1995;aeronautica_6707;0;0;0;0;0;0;0;0;0;0;0;0
2005;aeronautica_6707;0;0;0;0;0;0;0;0;0;0;0;0
1975;aeronautica_6709;0;0;0;0;0;0;0;0;0;0;0;0
1985;aeronautica_6709;0;0;0;0;0;0;0;0;0;0;0;0
1995;aeronautica_6709;0;0;0;0;0;0;0;0;0;0;0;0
2005;aeronautica_6709;0;0;0;0;0;0;0;0;0;0;0;0
1975;aeronautica_6710;0;0;0;0;0;0;0;0;0;0;0;0
1985;aeronautica_6710;0;0;0;0;0;0;0;0;0;0;0;0
1995;aeronautica_6710;0;0;0;0;0;0;0;0;0;0;0;0
2005;aeronautica_6710;NA;0;0;0;0;0;0;0;0;0;0;NA
1975;aeronautica_6711;0;0;0;NA;NA;NA;NA;NA;NA;NA;NA;NA
1985;aeronautica_6711;0;0;0;0;0;0;0;0;0;0;0;0
1995;aeronautica_6711;0;0;0;0;0;0;0;0;0;0;0;0
2005;aeronautica_6711;0;0;0;0;0;0;0;0;0;0;0;0
1985;aeronautica_6717;0;0;0;0;0;0;0;0;0;0;0;0
1995;aeronautica_6717;0;0;0;0;0;0;0;0;0;0;0;0
2005;aeronautica_6717;0;0;0;0;0;0;0;0;0;0;0;0
1975;aeronautica_6718;0;0;0;0;0;0;0;0;0;0;0;0
1985;aeronautica_6718;0;0;0;0;0;0;0;0;0;0;0;0
1995;aeronautica_6718;0;0;0;0;0;0;0;0;0;0;0;0
2005;aeronautica_6718;0;0;0;0;0;0;0;0;0;0;0;0
1975;aeronautica_6720;0;0;0;0;0;0;0;0;0;0;0;0
1985;aeronautica_6720;0;0;0;0;0;0;0;0;0;0;0;0
1995;aeronautica_6720;0;0;0;0;0;0;0;0;0;0;0;0
2005;aeronautica_6720;0;0;0;0;0;0;0;0;0;0;0;0
1975;aeronautica_6721;0;0;0;0;0;0;0;0;0;0;0;0
1985;aeronautica_6721;0;0;0;0;0;0;0;0;0;0;0;0
1995;aeronautica_6721;0;0;0;0;0;0;0;0;0;0;0;0
2005;aeronautica_6721;0;0;0;0;0;0;0;0;0;0;0;0
1975;aeronautica_6723;0;0;0;0;0;0;0;0;0;0;0;0
1985;aeronautica_6723;0;0;0;0;0;0;0;0;0;0;0;0
1995;aeronautica_6723;0;0;0;0;0;0;0;0;0;0;0;0
2005;aeronautica_6723;0;0;0;0;0;0;0;0;0;0;0;0
1975;aeronautica_6729;0;0;0;0;0;0;0;0;0;0;0;0
1985;aeronautica_6729;0;0;0;0;0;0;0;0;0;0;0;0
1995;aeronautica_6729;0;0;0;0;0;0;0;0;0;0;0;0
2005;aeronautica_6729;0;0;0;0;0;0;0;0;0;0;0;0
1975;aeronautica_6730;0;0;0;0;0;0;0;0;0;0;0;0
1985;aeronautica_6730;0;0;0;0;0;0;0;0;0;0;0;0
1995;aeronautica_6730;0;0;0;0;0;0;0;0;0;0;0;0
2005;aeronautica_6730;0;0;0;0;0;0;0;0;0;0;0;0
1975;aeronautica_6733;0;0;0;0;0;0;0;0;0;0;0;0
1985;aeronautica_6733;0;0;0;0;0;0;0;0;0;0;0;0
1995;aeronautica_6733;0;0;0;0;0;0;0;0;0;0;0;0
2005;aeronautica_6733;0;0;0;0;0;0;0;0;0;0;0;0
1985;aeronautica_6735;0;0;0;0;0;0;0;0;0;0;0;0
1995;aeronautica_6735;0;0;0;0;0;0;0;0;0;0;0;0
2005;aeronautica_6735;0;0;0;0;0;0;0;0;0;0;0;0
1975;aeronautica_6736;NA;0;0;NA;NA;NA;NA;NA;NA;NA;NA;NA
1985;aeronautica_6736;0;0;0;0;0;0;0;0;0;0;0;0
1995;aeronautica_6736;0;0;0;0;0;0;0;0;0;0;0;0
2005;aeronautica_6736;0;0;0;0;0;0;0;0;0;0;0;0
1985;aeronautica_6747;0;0;0;0;0;0;0;0;0;0;0;0
1995;aeronautica_6747;0;0;0;0;0;0;0;0;0;0;0;0
2005;aeronautica_6747;0;0;0;0;0;0;0;0;0;0;0;0
1975;aeronautica_6749;0;0;0;0;0;0;0;0;0;0;NA;NA
1985;aeronautica_6749;0;0;0;0;0;0;0;0;0;0;0;0
1995;aeronautica_6749;0;0;0;0;0;0;0;0;0;0;0;0
2005;aeronautica_6749;NA;0;0;0;0;0;0;NA;0;0;0;NA
1985;aeronautica_6750;0;0;0;0;0;0;0;0;0;0;0;0
1995;aeronautica_6750;0;0;0;0;0;0;0;0;0;0;0;0
2005;aeronautica_6750;NA;0;0;0;0;0;0;0;0;0;0;NA
1975;aeronautica_6758;0;0;0;0;0;0;0;0;0;0;0;0
1985;aeronautica_6758;0;0;0;0;0;0;0;0;0;0;0;0
1995;aeronautica_6758;0;0;0;0;0;0;0;0;0;0;0;0
2005;aeronautica_6758;0;0;0;0;0;0;0;0;0;0;0;0
1975;aeronautica_6762;NA;NA;NA;NA;0;NA;NA;NA;NA;0;NA;NA
1995;aeronautica_6762;NA;NA;NA;NA;NA;NA;NA;NA;NA;0;0;NA
2005;aeronautica_6762;0;0;0;0;0;0;0.07525510204081633;0.20689655172413793;0;0;0;0
1985;aeronautica_6763;0;0;0;0;0;0.037037037037037035;0;0.03571428571428571;0;0;0;0
1995;aeronautica_6763;0;0;0;0;0;0.03333333333333333;0;0.03333333333333333;0;0;0;0
2005;aeronautica_6763;0;0;0;0;0;0.03333333333333333;0;0.06666666666666667;0;0;0;0
1975;aeronautica_6766;0;0;0;0;0;0;0;0;0;0;0;0
1985;aeronautica_6766;0;0;0;0;0;0;0;0;0;0;0;0
1995;aeronautica_6766;0;0;0;0;0;0;0;0;0;0;0;0
2005;aeronautica_6766;NA;0;0;0;0;0;0;0;0;0;0;NA
1985;aeronautica_6768;0;0;0;0;0;0;0;0;0;0;0;0
1995;aeronautica_6768;0;0;0;0;0;0;0;0;0;0;0;0
2005;aeronautica_6768;0;0;0;0;0;0;0;0;0;0;0;0
1975;aeronautica_6769;0;0;0;0;0;0;0;0;0;0;0;0
1985;aeronautica_6769;0;0;0;0;0;0;0;0;0;0;0;0
1995;aeronautica_6769;0;0;0;0;0;0;0;0;0;0;0;0
2005;aeronautica_6769;0;0;0;0;0;0;0;0;0;0;0;0
1975;aeronautica_6771;0;0;0;0;0;0;0;0;0;0;0;0
1985;aeronautica_6771;0;0;0;0;0;0;0;0;0;0;0;0
1995;aeronautica_6771;0;0;0;0;0;0;0;0;0;0;0;0
2005;aeronautica_6771;0;0;0;0;0;0;0;0;0;0;0;0
1975;aeronautica_6773;0;0;0;0;0;0;0;0;0;0;0;0
1985;aeronautica_6773;0;0;0;0;0;0;0;0;0;0;0;0
1995;aeronautica_6773;0;0;0;0;0;0;0;0;0;0;0;0
2005;aeronautica_6773;0;0;0;0;0;0;0;0;0;0;0;0
1975;aeronautica_6776;0;0;0;0;0;0;0.03571428571428571;0;0;0;0;0
1985;aeronautica_6776;0;0;0;0;0;0;0.03333333333333333;0;0;0;0;0
1995;aeronautica_6776;0;0;0;0;0;0;0.034482758620689655;0;0;0;0;0
2005;aeronautica_6776;0;0;0;0;0;0;0;0.034482758620689655;0;0;0;0
1975;aeronautica_6777;0;0;0;0;0;0;0;0;0;0;0;0
1985;aeronautica_6777;0;0;0;0;0;0;0;0;0;0;0;0
1995;aeronautica_6777;0;0;0;0;0;0;0;0;0;0;0;0
2005;aeronautica_6777;0;0;0;0;0;0;0.03333333333333333;0.16666666666666666;0;0;0;0
1975;aeronautica_6779;0;0;0;0;0;0;0;0;0;0;0;0
1985;aeronautica_6779;0;0;0;0;0;0;0;0;0;0;0;0
1995;aeronautica_6779;0;0;0;0;0;0;0;0;0;0;0;0
2005;aeronautica_6779;0;0;0;0;0;0;0;0.1;0;0;0;0
1975;aeronautica_6782;0;0;0;0;0;0;0;0;0;0;0;0
1985;aeronautica_6782;0;0;0;0;0;0;0;0;0;0;0;0
1995;aeronautica_6782;0;0;0;0;0;0;0;0;0;0;0;0
2005;aeronautica_6782;0;0;0;0;0;0;0;0;0;0;0;0
1985;aeronautica_6784;0;0;0;0;0;0;0;0;0;0;0;0
1995;aeronautica_6784;0;0;0;0;0;0;0;0;0;0;0;0
2005;aeronautica_6784;0;0;0;0;0;0;0.03333333333333333;0.16666666666666666;0;0;0;0
1985;aeronautica_6787;0;0;0;0;0;0;0;0;0;0;0;0
1995;aeronautica_6787;0;0;0;0;0;0;0;0;0;0;0;0
2005;aeronautica_6787;0;0;0;0;0;0;0;0.03333333333333333;0;0;0;0
1975;aeronautica_6790;0;0;0;0;0;0;0;0;0;0;NA;NA
1985;aeronautica_6790;0;0;0;0;0;0;0;0;0;0;NA;NA
1995;aeronautica_6790;0;0;0;0;0;0;0;0;0;0;0;0
2005;aeronautica_6790;0;0;0;0;0;0;0;0;0;0;0;0
1975;aeronautica_6794;0;0;0;0;0;0;0;0;0;0;0;0
1985;aeronautica_6794;0;0;0;0;0;0;0;0;0;0;0;0
1995;aeronautica_6794;0;0;0;0;0;0;0;0;0;0;0;0
2005;aeronautica_6794;0;0;0;0;0;0;0;0.03333333333333333;0;0;0;0
1975;aeronautica_6795;0;0;0;0;0;0;0;NA;NA;0;0;0
1985;aeronautica_6795;0;0;0;0;0;0;0;0;0;0;0;0
1995;aeronautica_6795;0;0;0;0;0;0;0;0;0;0;0;NA
2005;aeronautica_6795;0;0;0;0;0;0;0;0;0;0;0;0
1975;aeronautica_6797;0;0;0;0;0;0;0;0;0;0;0;0
1985;aeronautica_6797;0;0;0;0;0;0;0;0;0;0;0;0
1995;aeronautica_6797;0;0;0;0;0;0;0.04;0;0;0;0;0
2005;aeronautica_6797;0;0;0;0;0;0;0.038461538461538464;0.08222811671087532;0;0;0;0
1975;aeronautica_6803;0;0;0;0;0;0;0;0;0;0;0;0
1985;aeronautica_6803;0;0;0;0;0;0;0;0;0;0;0;0
1995;aeronautica_6803;0;0;0;0;0;0;0;0;0;0;0;0
2005;aeronautica_6803;0;0;0;0;0;0;0;0.038461538461538464;0;0;0;0
1975;aeronautica_6810;0;0;0;NA;NA;NA;NA;NA;NA;NA;NA;NA
1985;aeronautica_6810;0;0;0;0;0;0;0;0;0;0;0;0
1995;aeronautica_6810;0;0;0;0;0;0;0.034482758620689655;0.035632183908045977;0;0;0;0
2005;aeronautica_6810;0;0;0;0;0;0;0.034482758620689655;0.07011494252873562;0.034482758620689655;0;0;0
1975;aeronautica_6812;0;0;0;0;0;0;0.03571428571428571;0.034482758620689655;0;0;0;0
1985;aeronautica_6812;0;0;0;0;0;0;0.034482758620689655;0;0;0;0;0
1995;aeronautica_6812;0;0;0;0;0;0.03333333333333333;0.06666666666666667;0.034444444444444444;0;0;0;0
2005;aeronautica_6812;0;0;0;0;0;0.03333333333333333;0.03333333333333333;0.034444444444444444;0;0;0;0
1975;aeronautica_6814;0;0;0;0;0;0;0;0;0;0;0;0
1985;aeronautica_6814;0;0;0;0;0;0;0;0;0;0;0;0
1995;aeronautica_6814;0;0;0;0;0;0;0;0;0;0;0;0
2005;aeronautica_6814;0;0;0;0;0;0;0;0.20875420875420878;0;0;0;NA
1985;aeronautica_6815;0;NA;NA;0;NA;0;0;0;0;0;0;NA
1995;aeronautica_6815;0;0;0;0;0;0;0;0;0;0;0;0
2005;aeronautica_6815;0;0;0;0;0;0;0;0.03333333333333333;0;0;0;0
1975;aeronautica_6817;0;0;0;0;0;0;0;0;0;0;0;0
1985;aeronautica_6817;0;0;0;0;0;0;0;0;0;0;0;0
1995;aeronautica_6817;0;0;0;0;0;0;0;0;0;0;0;0
2005;aeronautica_6817;0;0;0;0;0;0;0;0.03333333333333333;0;0;0;0
1975;aeronautica_6819;0;0;0;NA;NA;NA;0;0;NA;0;0;0
1985;aeronautica_6819;0;0;0;0;0;0;0;0;0;0;0;0
1995;aeronautica_6819;0;0;0;0;0;0;0;0;0;0;0;0
2005;aeronautica_6819;0;0;0;0;0;0;0;0;0;0;0;0
1975;aeronautica_6820;0;0;0;0;0;0;0;0;0;0;0;0
1985;aeronautica_6820;0;0;0;0;0;0;0;0.034444444444444444;0;0;0;0
1995;aeronautica_6820;0;0;0;0;0;0;0;0.06888888888888889;0;0;0;0
2005;aeronautica_6820;0;0;0;0;0;0;0;0.10574712643678161;0;0;0;0
1975;aeronautica_6821;0;0;0;0;0;0;0;0;0;0;0;0
1985;aeronautica_6821;0;0;0;0;0;0;0;0;0;0;0;0
1995;aeronautica_6821;0;0;0;0;0;0;0;0.034444444444444444;0;0;0;0
2005;aeronautica_6821;0;0;0;0;0;0;0;0.22232323232323234;0;0;0;0
1975;aeronautica_6822;0;0;0;0;0;0;0;0;0;0;0;0
1985;aeronautica_6822;0;0;0;0;0;0;0;0;0;0;0;0
1995;aeronautica_6822;0;0;0;0;0;0;0;0;0;0;0;0
2005;aeronautica_6822;0;0;0;0;0;0;0;0;0;0;0;0
1975;aeronautica_6826;0;0;0;0;0;0;0;0;0;0;0;0
1985;aeronautica_6826;0;0;0;0;0;0;0;0;0;0;0;0
1995;aeronautica_6826;0;0;0;0;0;0;0;0;0;0;0;0
2005;aeronautica_6826;0;0;0;0;0;0;0;0;0;0;0;0
1975;aeronautica_6827;0;0;0;0;0;0;0;0.07407407407407407;0;0;0;0
1985;aeronautica_6827;0;0;0;0;0;0;0;0.06666666666666667;0;0;0;0
1995;aeronautica_6827;0;0;0;0;0;0;0;0.06666666666666667;0;0;0;0
2005;aeronautica_6827;0;0;0;0;0;0;0;0;0;0;0;0
1975;aeronautica_6828;0;0;0;0;0;0;0;0;0;0;0;0
1985;aeronautica_6828;0;0;0;0;0;0;0;0;0;0;0;0
1995;aeronautica_6828;0;0;0;0;0;0;0;0;0;0;0;0
2005;aeronautica_6828;0;0;0;0;0;0;0;0;0;0;0;0
1975;aeronautica_6834;0;0;0;0;0;0.06666666666666667;0.06777777777777777;0.03333333333333333;0;0;0;0
1985;aeronautica_6834;0;0;0;0;0;0.06666666666666667;0.10111111111111111;0.07271604938271604;0;0;0;0
1995;aeronautica_6834;0;0;0;0;0;0.13333333333333333;0.4367432950191571;0.10716049382716049;0.03333333333333333;0;0;0
2005;aeronautica_6834;0;0;0;0;0;0.06666666666666667;0.5416197350042927;0.3898923013240854;0.12424242424242424;0;0;0
1975;aeronautica_6836;0;0;0;0;0;0;0;0;0;0;0;0
1985;aeronautica_6836;0;0;0;0;0;0;0;0;0;0;0;0
1995;aeronautica_6836;0;0;0;0;0;0;0;0;0;0;0;0
2005;aeronautica_6836;0;0;0;0;0;0;0;0;0;0;0;0
1975;aeronautica_6839;NA;0;0;NA;NA;NA;NA;NA;NA;NA;NA;NA
1985;aeronautica_6839;0;0;0;0;0;0;0.07142857142857142;0.03571428571428571;0;0;0;0
1995;aeronautica_6839;0;0;0;0;0;0.06666666666666667;0.2;0.13555555555555554;0;0;0;0
2005;aeronautica_6839;0;0;0;0;0;0.06666666666666667;0.2;0.1688888888888889;0;0;0;0
1975;aeronautica_6841;0;0;0;0;0;0;0;0;0;0;0;0
1985;aeronautica_6841;0;0;0;0;0;0;0;0;0;0;0;0
1995;aeronautica_6841;0;0;0;0;0;0;0;0;0;0;0;0
2005;aeronautica_6841;0;0;0;0;0;0;0;0;0;0;0;0
1985;aeronautica_6844;0;0;0;0;0;0;0;0;0;0;0;0
1995;aeronautica_6844;0;0;0;0;0;0;0;0;0;0;0;0
2005;aeronautica_6844;0;0;0;0;0;0;0;0;0;0;0;0
1975;aeronautica_6850;0;0;0;0;0;0;0.07134920634920634;0.03333333333333333;0;0;0;0
1985;aeronautica_6850;0;0;0;0;0;0;0.07134920634920634;0;0;0;0;0
1995;aeronautica_6850;0;0;0;0;0;0.03333333333333333;0.1057936507936508;0.07126436781609195;0;0;0;0
2005;aeronautica_6850;0;0;0;0;0;0.03333333333333333;0.034444444444444444;0.07126436781609195;0;0;0;0
1975;aeronautica_6851;0;0;0;0;0;0;0.034444444444444444;0;0;0;0;0
1985;aeronautica_6851;0;0;0;0;0;0;0.034444444444444444;0;0;0;0;0
1995;aeronautica_6851;0;0;0;0;0;0.06666666666666667;0.2011111111111111;0.06777777777777777;0;0;0;0
2005;aeronautica_6851;0;0;0;0;0;0.06666666666666667;0.2;0.10111111111111111;0;0;0;0
1975;aeronautica_6853;0;0;0;0;0;0;0;0;0;0;0;0
1985;aeronautica_6853;0;0;0;0;0;0;0;0;0;0;0;0
1995;aeronautica_6853;0;0;0;0;0;0;0;0;0;0;0;0
2005;aeronautica_6853;0;0;0;0;0;0;0;0;0;0;0;0
1975;aeronautica_6856;0;0;0;0;0;0.03333333333333333;0;0;0;0;0;0
1985;aeronautica_6856;0;0;0;0;0;0.03333333333333333;0.034482758620689655;0;0;0;0;0
1995;aeronautica_6856;0;0;0;0;0;0.09999999999999999;0.034482758620689655;0;0;0;0;0
2005;aeronautica_6856;0;0;0;0;0;0.06666666666666667;0.06896551724137931;0;0;0;0;0
1985;aeronautica_6857;0;0;NA;0;0;0;0.125;0.15512820512820513;0;0;0;0
1995;aeronautica_6857;0;0;0;0;0;0;0.2975308641975309;0.17976190476190476;0;0;0;0
2005;aeronautica_6857;0;0;0;0;0;0;0.3226190476190476;0.39404761904761904;0;0;0;0
1975;aeronautica_6858;NA;NA;NA;0;0;NA;0.43678160919540227;0.125;0.04166666666666667;0;NA;0
1985;aeronautica_6858;0;0;0;0;0;0.06896551724137931;0.38275862068965516;0.2;0.03333333333333333;0;0;0
1995;aeronautica_6858;0;0;0;0;0;0.1724137931034483;0.6827586206896551;0.3022222222222222;0.03333333333333333;0;0;0
2005;aeronautica_6858;0;0;0;0;0;0.16666666666666669;0.5666666666666667;0.5355555555555556;0;0;0;0
1975;aeronautica_6859;0;0;0;0;0;0.03333333333333333;0.13896551724137932;0;0;0;0;0
1985;aeronautica_6859;0;0;0;0;0;0.03333333333333333;0.31482758620689655;0.046476761619190406;0;0;0;0
1995;aeronautica_6859;0;0;0;0;0;0.16666666666666669;0.5255418719211823;0.21724851859784394;0;0;0;0
2005;aeronautica_6859;0;0;0;0;0;0.13333333333333333;0.486576354679803;0.35517955308060256;0;0;0;0
1975;aeronautica_6863;0;0;0;0;0;0;0;0;0;0;0;0
1985;aeronautica_6863;0;0;0;0;0;0;0;0;0;0;0;0
1995;aeronautica_6863;0;0;0;0;0;0;0;0;0;0;0;0
2005;aeronautica_6863;0;0;0;0;0;0;0;0;0;0;0;0
1975;aeronautica_6865;0;0;0;0;0;0;0;0;0;0;0;0
1985;aeronautica_6865;0;0;0;0;0;0;0;0;0;0;0;0
1995;aeronautica_6865;0;0;0;0;0;0;0;0;0;0;0;0
2005;aeronautica_6865;0;0;0;0;0;0;0;0;0;0;0;0
1975;aeronautica_6867;0;0;0;0;0;0.04166666666666667;0;0;0;0;0;0
1985;aeronautica_6867;0;0;0;0;0;0.03571428571428571;0.03571428571428571;0.038177339901477834;0;0;0;0
1995;aeronautica_6867;0;0;0;0;0;0.09999999999999999;0.13333333333333333;0.06896551724137931;0;0;0;0
2005;aeronautica_6867;0;0;0;0;0;0.06896551724137931;0.13793103448275862;0.0713436385255648;0;0;0;0
1975;aeronautica_6869;0;0;0;0;0;0;0;0;0;0;0;0
1985;aeronautica_6869;0;0;0;0;0;0;0;0;0;0;0;0
1995;aeronautica_6869;0;0;0;0;0;0;0;0;0;0;0;0
2005;aeronautica_6869;0;0;0;0;0;0;0;0;0;0;0;0
1995;aeronautica_6870;0;0;0;0;0;0.034482758620689655;0.10459770114942529;0.10111111111111111;0;0;0;0
2005;aeronautica_6870;0;0;0;0;0;0;0.06896551724137931;0.06777777777777777;0;0;0;0
1975;aeronautica_6874;0;0;0;0;0;0;0;0;0;0;0;0
1985;aeronautica_6874;0;0;0;0;0;0;0;0.03974358974358974;0;0;0;0
1995;aeronautica_6874;0;0;0;0;0;0;0;0.03974358974358974;0;0;0;0
2005;aeronautica_6874;0;0;0;0;0;0;0;0.03974358974358974;0;0;0;0
1975;aeronautica_6876;0;0;0;0;0;0.125;0;0;0;0;0;NA
1985;aeronautica_6876;0;0;0;0;0;0.10714285714285715;0.07142857142857142;0.0738095238095238;0;0;0;0
1995;aeronautica_6876;0;0;0;0;0;0.16666666666666669;0.06666666666666667;0.13777777777777778;0;0;0;0
2005;aeronautica_6876;0;0;0;0;0.03333333333333333;0.06666666666666667;0.06666666666666667;0.13777777777777778;0;0;0;0
1975;aeronautica_6881;0;0;0;0;0;0;0;0;0;0;0;0
1985;aeronautica_6881;0;0;0;0;0;0;0.03333333333333333;0;0;0;0;0
1995;aeronautica_6881;0;0;0;0;0;0.03333333333333333;0.03333333333333333;0;0;0;0;0
2005;aeronautica_6881;0;0;0;0;0;0.03333333333333333;0.03333333333333333;0;0;0;0;0
1985;aeronautica_6882;0;NA;NA;0;0;0;0.03974358974358974;0;0;0;0;0
1995;aeronautica_6882;0;0;0;0;0;0;0.06777777777777777;0;0;0;0;0
2005;aeronautica_6882;0;0;0;0;0;0;0.13444444444444445;0;0;0;0;0
1975;aeronautica_6883;0;0;0;0;0;0;0;0;0;0;0;0
1985;aeronautica_6883;0;0;0;0;0;0;0;0.0369047619047619;0;0;0;0
1995;aeronautica_6883;0;0;0;0;0;0.03333333333333333;0;0.0369047619047619;0;0;0;0
2005;aeronautica_6883;0;0;0;0;0;0.03333333333333333;0;0.0369047619047619;0;0;0;0
1975;aeronautica_6884;0;0;0;0;0;0;0;0;0;0;0;0
1985;aeronautica_6884;0;0;0;0;0;0;0;0.049206349206349205;0;0;0;0
1995;aeronautica_6884;0;0;0;0;0;0;0;0.054673721340388004;0;0;0;0
2005;aeronautica_6884;NA;0;0;0;0;0;0;0.05904761904761905;0;0;0;NA
1975;aeronautica_6889;0;0;0;0;0;0;0;0;0;0;0;0
1985;aeronautica_6889;0;0;0;0;0;0;0;0.03333333333333333;0;0;0;0
1995;aeronautica_6889;0;0;0;0;0;0;0;0.034482758620689655;0;0;0;0
2005;aeronautica_6889;0;0;0;0;0;0;0;0.034482758620689655;0;0;0;0
1975;aeronautica_6891;0;0;0;0;0;0;0.11507936507936507;0;0;0;0;0
1985;aeronautica_6891;0;0;0;0;0;0;0.20468253968253966;0.10689655172413792;0;0;0;0
1995;aeronautica_6891;0;0;0;0;0;0.13333333333333333;0.3713492063492063;0.10689655172413792;0;0;0;0
2005;aeronautica_6891;0;0;0;0;0;0.13793103448275862;0.36777777777777776;0.1450653983353151;0;0;0;0
1975;aeronautica_6893;0;0;0;0;0;0;0;0;0;0;0;0
1985;aeronautica_6893;0;0;0;0;0;0;0.10714285714285714;0.07142857142857142;0;0;0;0
1995;aeronautica_6893;0;0;0;0;0;0.06666666666666667;0.16666666666666666;0.06666666666666667;0;0;0;0
2005;aeronautica_6893;0;0;0;0;0;0.09999999999999999;0.26666666666666666;0.06666666666666667;0;0;0;0
1975;aeronautica_6897;0;0;0;0;0;0;0.03333333333333333;0;0;0;0;0
1985;aeronautica_6897;0;0;0;0;0;0;0.034482758620689655;0.036860879904875146;0;0;0;0
1995;aeronautica_6897;0;0;0;0;0;0.034482758620689655;0.06896551724137931;0.036860879904875146;0;0;0;0
2005;aeronautica_6897;0;0;0;0;0;0.034482758620689655;0.1724137931034483;0.036860879904875146;0;0;0;0
1975;aeronautica_6901;0;0;0;0;0;0;0;0;0;0;0;0
1985;aeronautica_6901;0;0;0;0;0;0;0.03333333333333333;0.0369047619047619;0;0;0;0
1995;aeronautica_6901;0;0;0;0;0;0.03333333333333333;0.1;0.0369047619047619;0;0;0;0
2005;aeronautica_6901;0;0;0;0;0;0.03333333333333333;0.1;0.0369047619047619;0;0;0;0
1975;aeronautica_6906;NA;0;NA;NA;NA;NA;NA;NA;NA;NA;NA;NA
1985;aeronautica_6906;0;0;0;0;0;0;0.32142857142857145;0.10714285714285714;0;0;0;0
1995;aeronautica_6906;0;0;0;0;0;0;0.3333333333333333;0.13333333333333333;0;0;0;0
2005;aeronautica_6906;0;0;0;0;0;0;0.13333333333333333;0.3;0;0;0;0
1985;aeronautica_6910;0;0;0;0;0;0;0.041666666666666664;0.16805555555555557;0;0;0;0
1995;aeronautica_6910;0;0;0;0;0;0;0.06666666666666667;0.1;0;0;0;0
2005;aeronautica_6910;0;0;0;0;0;0;0.03333333333333333;0.1;0;0;0;0
1975;aeronautica_6914;0;0;0;0;0;0;0;0;0;0;0;0
1985;aeronautica_6914;0;0;0;0;0;0;0;0.0369047619047619;0;0;0;0
1995;aeronautica_6914;0;0;0;0;0;0;0.0499194847020934;0.03827160493827161;0;0;0;0
2005;aeronautica_6914;NA;0;0;0;0;0;0.1045932060424814;0.2840628507295174;0;0;0;NA
1975;aeronautica_6919;0;0;0;0;0;0;0.17857142857142858;0.32142857142857145;0;0;0;0
1985;aeronautica_6919;0;0;0;0;0;0;0.13793103448275862;0.5283251231527093;0;0;0;0
1995;aeronautica_6919;0;0;0;0;0;0.034482758620689655;0.3103448275862069;0.6329228243021346;0;0;0;0
2005;aeronautica_6919;0;0;0;0;0;0.03333333333333333;0.3;0.8451587301587301;0;0;0;0
1975;aeronautica_6922;0;0;0;0;0;0;0.06666666666666667;0.06666666666666667;0;0;0;0
1985;aeronautica_6922;0;0;0;0;0;0;0.03333333333333333;0.03333333333333333;0;0;0;0
1995;aeronautica_6922;0;0;0;0;0;0;0.03333333333333333;0.03333333333333333;0;0;0;0
2005;aeronautica_6922;0;0;0;0;0;0;0.03333333333333333;0.03333333333333333;0;0;0;0
1975;aeronautica_6923;0;0;0;0;0;0.03333333333333333;0.16777777777777778;0.06666666666666667;0;0;0;0
1985;aeronautica_6923;0;0;0;0;0;0;0.13444444444444445;0.07160493827160493;0;0;0;0
1995;aeronautica_6923;0;0;0;0;0;0;0.10111111111111111;0.14049382716049383;0;0;0;0
2005;aeronautica_6923;0;0;0;0;0;0;0.03333333333333333;0.17382716049382715;0;0;0;0
1975;aeronautica_6925;0;0;0;0;0;0;0.041666666666666664;NA;NA;NA;0;NA
1985;aeronautica_6925;0;0;0;0;0;0;0.038461538461538464;NA;0;0;0;NA
1995;aeronautica_6925;0;0;0;0;0;0;0.03571428571428571;0;0;0;0;NA
2005;aeronautica_6925;0;0;0;0;0;0;0;0;0;0;0;0
2005;basilicata_195;0;NA;NA;NA;NA;NA;NA;0;NA;NA;NA;0
2005;basilicata_39;0;NA;NA;NA;NA;NA;NA;0.25;NA;NA;NA;0
2005;basilicata_41;0;NA;NA;NA;NA;NA;NA;0;NA;NA;NA;NA
2005;basilicata_42;0;NA;NA;NA;NA;NA;NA;NA;NA;NA;NA;NA
2005;basilicata_44;0;NA;NA;NA;NA;NA;NA;0.08333333333333333;NA;NA;NA;NA
2005;basilicata_48;NA;NA;NA;NA;NA;NA;NA;NA;NA;NA;NA;0
1995;bolzano_110;0;0;0;0;0;0;0;0;0;0;0;0
2005;bolzano_110;0;0;0;0;0;0;0;0;0;0;0;0
1995;bolzano_129;0;0;0;0;0;0;0;0;0;0;0;0
2005;bolzano_129;0;0;0;0;0;0;0;0;0;0;0;0
2005;bolzano_135;0;0;0;0;0;0;0;0;0;0;0;0
1985;bolzano_150;0;0;0;0;0;0;0;0;0;0;0;0
1995;bolzano_150;0;0;0;0;0;0;0;0;0;0;0;0
2005;bolzano_150;0;0;0;0;0;0;0;0;0;0;0;0
1975;bolzano_176;0;0;0;0;0;0;0;0;0;0;0;0
1985;bolzano_176;0;0;0;0;0;0;0;0;0;0;0;0
1995;bolzano_176;0;0;0;0;0;0;0;0;0;0;0;0
2005;bolzano_176;0;0;0;0;0;0;0;0;0;0;0;0
2005;bolzano_18;0;0;0;0;0;0;0;0;0;0;0;0
1975;bolzano_203;0;0;0;0;0;0;0;0;0;0;0;0
1985;bolzano_203;0;0;0;0;0;0;0;0;0;0;0;0
1995;bolzano_203;0;0;0;0;0;0;0;0;0;0;0;0
2005;bolzano_203;0;0;0;0;0;0;0;0;0;0;0;0
1995;bolzano_206;0;0;0;0;0;0;0;0;0;0;0;0
2005;bolzano_206;0;0;0;0;0;0;0;0;0;0;0;0
1975;bolzano_223;0;0;0;0;0;0;0;0;0;0;0;0
1985;bolzano_223;0;0;0;0;0;0;0;0;0;0;0;0
1995;bolzano_223;0;0;0;0;0;0;0;0;0;0;0;0
2005;bolzano_223;0;0;0;0;0;0;0;0;0;0;0;0
1985;bolzano_23;0;0;0;0;0;0;0;0;0;0;0;0
1995;bolzano_23;0;0;0;0;0;0;0;0;0;0;0;0
2005;bolzano_23;0;0;0;0;0;0;0;0;0;0;0;0
1975;bolzano_39;0;0;0;0;0;0;0;0;0;0;0;0
1985;bolzano_39;0;0;0;0;0;0;0;0;0;0;0;0
1995;bolzano_39;0;0;0;0;0;0;0;0;0;0;0;0
2005;bolzano_39;0;0;0;0;0;0;0;0;0;0;0;0
1995;bolzano_49;0;0;0;0;0;0;0;0;0;0;0;0
2005;bolzano_49;0;0;0;0;0;0;0;0;0;0;0;0
1975;bolzano_5;0;0;0;0;0;0;0;0;0;0;0;0
1985;bolzano_5;0;0;0;0;0;0;0;0;0;0;0;0
1995;bolzano_5;0;0;0;0;0;0;0;0;0;0;0;0
2005;bolzano_5;0;0;0;0;0;0;0;0;0;0;0;0
1995;bolzano_58;0;0;0;0;0;0;0;0;0;0;0;0
2005;bolzano_58;0;0;0;0;0;0;0;0;0;0;0;0
1975;bolzano_77;0;0;0;0;0;0;0;0;0;0;0;0
1985;bolzano_77;0;0;0;0;0;0;0;0;0;0;0;0
1995;bolzano_77;0;0;0;0;0;0;0;0;0;0;0;0
2005;bolzano_77;0;0;0;0;0;0;0;0;0;0;0;0
1975;bolzano_83;0;0;0;0;0;0;0;0;0;0;0;0
1985;bolzano_83;0;0;0;0;0;0;0;0;0;0;0;0
1995;bolzano_83;0;0;0;0;0;0;0;0;0;0;0;0
2005;bolzano_83;0;0;0;0;0;0;0;0;0;0;0;0
1975;bolzano_94;0;0;0;0;0;0;0;0;NA;0;0;0
1985;bolzano_94;0;0;0;0;0;0;0;0;0;0;0;0
1995;bolzano_94;0;0;0;0;0;0;0;0;0;0;0;0
2005;bolzano_94;0;0;0;0;0;0;0;0;0;0;0;0
2005;calabria_10;0;0;0;0;0;0;0;0.1;0;0;0;0
2005;calabria_107;NA;NA;NA;NA;0;0.125;0.375;NA;NA;0;0;0
2005;calabria_111;NA;NA;NA;NA;NA;0.125;NA;0;0;0;0;0
2005;calabria_112;0;0;0;0;0;0.03333333333333333;0.1;0;0;0;0;0
2005;calabria_121;NA;NA;NA;NA;NA;NA;NA;NA;NA;NA;0;0
2005;calabria_14;0;0;0;0;0;0;0;0;0;0;0;0
2005;calabria_157;0;0;0;0;0;0;0.034482758620689655;0;0;0;0;0
1975;calabria_164;0;0;0;0;0;0;0;0;0;0;0;0
1985;calabria_164;0;0;0;0;0;NA;0;0;0;0;0;0
1995;calabria_164;0;0;0;0;0;0;0;0;0;0;0;0
2005;calabria_164;0;0;0;0;0;0;0;0;0;0;0;0
2005;calabria_177;0;0;0;0;0;0;0.03333333333333333;0;0;0;0;0
1975;calabria_18;0;0;0;0;0.07407407407407407;1.5833333333333333;5.222666666666667;6.2;0.7999999999999999;0;0;0
1985;calabria_18;0;0;0;0;0.037037037037037035;0.75;NA;4.405925925925926;0.19999999999999998;0;0;0
1995;calabria_18;0;0;0;0;0;0.4074074074074074;1.9230769230769231;2.1980056980056983;0.11111111111111112;0;0;0
2005;calabria_18;0;0;0;0;0;0.4482758620689655;2.0357142857142856;2.4533844189016603;0.09999999999999999;0;0;0
2005;calabria_186;0;0;0;0;0;0;0;0;0;0;0;0
2005;calabria_194;0;0;0;0;0;0;0;0;0;0;0;0
2005;calabria_20;0;0;0;0;0;0.03333333333333333;0.26666666666666666;0.5;0;0;0;0
2005;calabria_208;0;0;0;0;0;0.11111111111111112;0.18518518518518517;0.2222222222222222;0;0;0;0
2005;calabria_213;0;0;0;0;0;0.06896551724137931;0.17857142857142858;0.07142857142857142;0;0;0;0
2005;calabria_215;0;0;0;0;0;0.034482758620689655;0.10714285714285714;0.07142857142857142;0;0;0;0
2005;calabria_220;NA;0;0;0;0;0;0;0;0;0;0;0
2005;calabria_246;0;0;0;0;0;0;0;0;0;0;0;0
1975;calabria_26;0;0;0;0;0;0.32142857142857145;1.9695767195767193;2.2202380952380953;0.07142857142857142;0;0;0
1985;calabria_26;0;0;0;0;0;0.28571428571428575;1.541005291005291;1.5714285714285716;0.10714285714285714;0;0;0
1995;calabria_26;0;0;0;0;0;0.33333333333333337;1.2382716049382716;0.7241379310344828;0.034482758620689655;0;0;0
2005;calabria_26;0;0;0;0;0;0.16666666666666669;0.7333333333333333;0.6896551724137931;0.03333333333333333;0;0;0
2005;calabria_284;0;0;0;0;0;0.13793103448275862;0.3151010701545779;0.21428571428571427;0;0;0;0
2005;calabria_286;0;0;0;0;0;0;0;0;0;0;0;0
1975;calabria_290;0;0;0;0;0;0.04166666666666667;0.32;0;0;0;0;0
1985;calabria_290;0;0;0;NA;0;NA;0.375;0.038461538461538464;0;0;0;0
1995;calabria_290;0;0;0;0;0;NA;0.4;0.1111111111111111;0;0;0;0
2005;calabria_290;0;0;0;0;0;0;0.07142857142857142;0.10344827586206896;0;0;0;0
1995;calabria_317;0;0;0;0;0;0;0;0;0;0;0;0
2005;calabria_317;0;0;0;0;0;0;0;0;0;0;0;0
2005;calabria_327;0;0;0;0;0;0;0.03333333333333333;0.03333333333333333;0;0;0;0
1995;calabria_338;0;0;0;0;0;0;0;0;0;0;0;0
2005;calabria_338;0;0;0;0;0;0;0;0;0;0;0;0
2005;calabria_34;0;0;0;0;0;0;0.13333333333333333;0.26666666666666666;0;0;0;0
2005;calabria_345;0;0;0;0;0;0;0;0;0;0;0;0
2005;calabria_348;0;0;0;0;0;0;0.03571428571428571;0.04;0;0;0;0
2005;calabria_376;0;0;0;0;0;0;0;0;0;0;0;0
1975;calabria_380;0;0;0;0;0;0.04;1.68;0.9230769230769231;0.11111111111111112;0;0;0
1985;calabria_380;0;0;0;0;0;0;1.0799999999999998;0.43999999999999995;0.07692307692307693;0;0;0
1995;calabria_380;0;0;0;0;0;0.10714285714285715;0.8461538461538461;0.2692307692307692;0.037037037037037035;0;0;0
2005;calabria_380;0;0;0;0;0;0.10344827586206898;0.13793103448275862;0.10714285714285714;0;0;0;0
2005;calabria_7;0;0;0;0;0;0;0;0;0;0;0;0
2005;calabria_71;0;0;0;0;0;0.03571428571428571;0;0;0;0;0;0
2005;calabria_85;0;0;0;0;0;0;0;0;0;0;0;0
1975;emiliaromagna_12702;0;0;0;0;0;0;0;0;0;0;0;0
1985;emiliaromagna_12702;0;0;0;0;0;0;0;0;0;0;0;0
1995;emiliaromagna_12702;0;0;0;0;0;0;0;0;0;0;0;0
2005;emiliaromagna_12702;0;0;0;0;0;0;0;0;0;0;0;0
1975;emiliaromagna_14246;0;0;0;0;0;0;0;0;0;0;0;0
1985;emiliaromagna_14246;0;0;0;0;0;0;0;0;0;0;0;0
1995;emiliaromagna_14246;0;0;0;0;0;0;0;0;0;0;0;0
2005;emiliaromagna_14246;0;0;0;0;0;0;0;0;0;0;0;0
1975;emiliaromagna_14354;0;0;0;0;0;0;0;0;0;0;0;0
1985;emiliaromagna_14354;0;0;0;0;0;0;0;0;0;0;0;0
1995;emiliaromagna_14354;0;0;0;0;0;0;0;0;0;0;0;0
2005;emiliaromagna_14354;0;0;0;0;0;0;0;0;0;0;0;0
1975;emiliaromagna_9013;0;0;0;0;0;0;0;0;0;0;0;0
1985;emiliaromagna_9013;0;0;0;0;0;0;0;0.06666666666666667;0;0;0;0
1995;emiliaromagna_9013;0;0;0;0;0;0;0.03333333333333333;0.16666666666666666;0;0;0;0
2005;emiliaromagna_9013;0;0;0;0;0;0;0.04;0.36;0;0;0;0
1975;emiliaromagna_9015;0;0;0;0;0;0;0;0;0;0;0;0
1985;emiliaromagna_9015;0;0;0;0;0;0;0;0;0;0;0;0
1995;emiliaromagna_9015;0;0;0;0;0;0;0;0;0;0;0;0
2005;emiliaromagna_9015;0;0;NA;0;0;0;0;0;0;0;0;0
1975;emiliaromagna_9045;0;0;0;0;0;0;0;0;0;0;0;0
1985;emiliaromagna_9045;0;0;0;0;0;0;0;0;0;0;0;0
1995;emiliaromagna_9045;0;0;0;0;0;0;0;0;0;0;0;0
2005;emiliaromagna_9045;0;0;0;0;0;0;0;0;0;0;0;0
1975;emiliaromagna_9062;0;0;0;0;0;0;0;0;0;0;0;0
1985;emiliaromagna_9062;0;0;0;0;0;0;0;0;0;0;0;0
1995;emiliaromagna_9062;0;0;0;0;0;0;0;0;0;0;0;0
1975;emiliaromagna_9075;0;0;0;0;0;0;0;0;0;0;0;0
1985;emiliaromagna_9075;0;0;0;0;0;0;0;0;0;0;0;0
1995;emiliaromagna_9075;NA;NA;0;0;0;0;0;0;0;0;NA;NA
1975;emiliaromagna_9146;0;0;0;0;0;0;0.03333333333333333;0;0;0;0;0
1985;emiliaromagna_9146;0;0;0;0;0;0;0.03333333333333333;0;0;0;0;0
1995;emiliaromagna_9146;0;0;0;0;0;0;0.16666666666666666;0.2;0;0;0;0
2005;emiliaromagna_9146;0;NA;0;0;0;0.04;0.36;0.52;0;0;0;0
1975;emiliaromagna_9163;0;0;0;0;0;0;0;0;0;0;0;0
1985;emiliaromagna_9163;0;0;0;0;0;0;0;0;0;0;0;0
1995;emiliaromagna_9163;0;0;0;0;0;0;0;0;0;0;0;0
2005;emiliaromagna_9163;0;0;0;0;0;0;0;0.034482758620689655;0;0;0;0
1975;emiliaromagna_9183;0;0;0;0;0;0;0.03333333333333333;0;0;0;0;0
1985;emiliaromagna_9183;0;0;0;0;0;0;0.06666666666666667;0.03333333333333333;0;0;0;0
1995;emiliaromagna_9183;0;0;0;0;0;0.034482758620689655;0.43333333333333335;0.4;0;0;0;0
2005;emiliaromagna_9183;0;NA;0;0;0;0.28;0.64;0.76;0;0;0;0
2005;emiliaromagna_9192;0;0;0;0;NA;0;NA;NA;NA;NA;NA;NA
1975;emiliaromagna_9210;NA;0;0;0;0;0;0;0;0;0;0;0
1985;emiliaromagna_9210;0;0;0;0;0;0;0;0;0;0;0;0
1995;emiliaromagna_9210;0;0;0;0;0;0;0;0;0;0;0;0
2005;emiliaromagna_9210;NA;NA;NA;NA;NA;0;NA;NA;0;NA;NA;NA
1975;emiliaromagna_9217;0;0;0;0;0;0;0.03333333333333333;0;0;0;0;0
1985;emiliaromagna_9217;0;0;0;0;0;0;0.03333333333333333;0;0;0;0;0
1995;emiliaromagna_9217;0;0;0;0;0;0;0.034482758620689655;0.034482758620689655;0;0;0;0
2005;emiliaromagna_9217;0;NA;0;NA;NA;0;0;0.041666666666666664;0;0;NA;NA
1975;emiliaromagna_9224;0;0;0;0;0;0;0;0;0;0;0;0
1985;emiliaromagna_9224;0;0;0;0;0;0;0;0;0;0;0;0
1995;emiliaromagna_9224;NA;NA;0;0;0;0;0;NA;NA;0;NA;NA
2005;emiliaromagna_9224;0;NA;0;0;0;0;0;NA;0;0;0;0
1975;emiliaromagna_9225;0;0;0;0;0;0;0;0;0;0;0;0
1985;emiliaromagna_9225;0;0;0;0;0;0;0;0;0;0;0;0
1995;emiliaromagna_9225;0;0;0;0;0;0;0;0;0;0;0;0
2005;emiliaromagna_9225;0;0;0;0;0;0;0;0.07407407407407407;0;0;0;0
1975;emiliaromagna_9320;0;0;0;0;0;0;0;0;0;0;0;0
1985;emiliaromagna_9320;0;0;0;0;0;0;0;0;0;0;0;0
1995;emiliaromagna_9320;0;0;0;0;0;0;0;0.06896551724137931;0;0;0;0
2005;emiliaromagna_9320;0;0;0;0;0;0;0;0.07142857142857142;0;0;0;0
1975;emiliaromagna_9387;NA;0;0;0;0;0;0.03333333333333333;0;0;0;0;0
1985;emiliaromagna_9387;0;0;0;0;0;0;0.03333333333333333;0.06666666666666667;0;0;0;0
1995;emiliaromagna_9387;NA;0;0;0;0;0;0.03333333333333333;0.06896551724137931;0;0;0;0
2005;emiliaromagna_9387;NA;NA;0;0;0;0;0;0.16666666666666666;NA;0;0;0
1975;emiliaromagna_9577;0;0;0;0;0;0;0;0;0;0;0;0
1985;emiliaromagna_9577;0;0;0;0;0;0;0;0;0;0;0;0
1995;emiliaromagna_9577;0;0;0;0;0;0;0;0;0;0;0;0
2005;emiliaromagna_9577;NA;NA;NA;NA;NA;NA;NA;NA;0;NA;NA;NA
1975;emiliaromagna_9588;0;0;0;0;0;0;0;0;0;0;0;0
1985;emiliaromagna_9588;0;0;0;0;0;0;0;0;0;0;0;0
1995;emiliaromagna_9588;0;0;0;0;0;0;0.06666666666666667;0;0;0;0;0
2005;emiliaromagna_9588;NA;NA;0;0;0;0;0.08333333333333333;NA;0;0;0;NA
1985;friuliveneziagiulia_13;0;0;0;0;0;0;0;0;0;0;0;0
1995;friuliveneziagiulia_13;0;0;0;0;0;0;0;0;0;0;0;0
2005;friuliveneziagiulia_13;0;0;0;0;0;0;0;0;0;0;0;0
1985;friuliveneziagiulia_2;0;0;0;0;0;0;0;0;0;0;0;0
1995;friuliveneziagiulia_2;0;0;0;0;0;0;0;0;0;0;0;0
2005;friuliveneziagiulia_2;0;0;0;0;0;0;0;0;0;0;0;0
1975;friuliveneziagiulia_20;0;0;0;0;0;0;0;0;0;0;0;0
1985;friuliveneziagiulia_20;0;0;0;0;0;0;0;0;0;0;0;0
1995;friuliveneziagiulia_20;0;0;0;0;0;0;0;0;0;0;0;0
2005;friuliveneziagiulia_20;0;0;0;0;0;0;0;0;0;0;0;0
1975;friuliveneziagiulia_21;0;0;0;0;0;0;0;0;0;0;0;0
1985;friuliveneziagiulia_21;0;0;0;0;0;0;0;0;0;0;0;0
1995;friuliveneziagiulia_21;0;0;0;0;0;0;0;0;0;0;0;0
2005;friuliveneziagiulia_21;0;0;0;0;0;0;0;0;0;0;0;0
1985;friuliveneziagiulia_24;0;0;0;0;0;0;0;0;0;0;0;0
1995;friuliveneziagiulia_24;0;0;0;0;0;0;0;0;0;0;0;0
2005;friuliveneziagiulia_24;0;0;0;0;0;0;0;0;0;0;0;0
1985;friuliveneziagiulia_27;0;0;0;0;0;0;0;0;0;0;0;0
1995;friuliveneziagiulia_27;0;0;0;0;0;0;0;0;0;0;0;0
2005;friuliveneziagiulia_27;0;0;0;0;0;0;0;0;0;0;0;0
1975;friuliveneziagiulia_39;0;0;0;0;0;0;0;0;0;0;0;0
1985;friuliveneziagiulia_39;0;0;0;0;0;0;0;0;0;0;0;0
1995;friuliveneziagiulia_39;0;0;0;0;0;0;0;0;0;0;0;0
2005;friuliveneziagiulia_39;0;0;0;0;0;0;0;0;0;0;0;0
1975;friuliveneziagiulia_47;0;0;0;0;0;0;0;0;0;0;0;0
1985;friuliveneziagiulia_47;0;0;0;0;0;0;0;0;0;0;0;0
1995;friuliveneziagiulia_47;0;0;0;0;0;0;0;0;0;0;0;0
2005;friuliveneziagiulia_47;0;0;0;0;0;0;0;0;0;0;0;0
1975;friuliveneziagiulia_51;0;0;0;0;0;0;0;0;0;0;0;0
1985;friuliveneziagiulia_51;0;0;0;0;0;0;0;0;0;0;0;0
1995;friuliveneziagiulia_51;0;0;0;0;0;0;0;0;0;0;0;0
2005;friuliveneziagiulia_51;0;0;0;0;0;0;0;0;0;0;0;0
2005;friuliveneziagiulia_52;0;0;0;0;0;0;0;0.03333333333333333;0;0;0;0
1975;lazio_240;0;0;0;0;0;0;0;0.038461538461538464;0;0;0;0
1985;lazio_240;0;0;0;0;0;0;0;0.03333333333333333;0;0;0;0
1995;lazio_240;0;0;0;0;0;0;0.03333333333333333;0.06666666666666667;0;0;0;0
2005;lazio_240;0;0;0;0;0;0;0.03333333333333333;0.06666666666666667;0;0;0;0
2005;lazio_274;0;0;0;0;0;0;0;0.1111111111111111;0;0;0;0
1975;lazio_275;0;0;0;0;0;0;0;0;0;0;0;0
1985;lazio_275;0;0;0;0;0;0;0;0;0;0;0;0
1995;lazio_275;0;0;0;0;0;0;0;0;0;0;0;0
2005;lazio_275;0;0;0;0;0;0;0;0;0;0;0;0
1975;lazio_276;0;0;0;0;0;0;0;0;0;0;0;0
1985;lazio_276;0;0;0;0;0;0;0;0;0;0;0;0
1995;lazio_276;0;0;0;0;0;0;0;0;0;0;0;0
2005;lazio_276;0;0;0;0;0;0;0;0;0;0;0;0
1975;lazio_278;0;0;0;0;0;0;0;0;0;0;0;0
1985;lazio_278;0;0;0;0;0;0;0;0;0;0;0;0
1995;lazio_278;0;0;0;0;0;0;0;0.034482758620689655;0;0;0;0
2005;lazio_278;0;0;0;0;0;0;0;0.10344827586206896;0;0;0;0
1975;lazio_281;0;0;0;0;0;0;0;0;0;0;0;0
1985;lazio_281;0;0;0;0;0;0;0;0;0;0;0;0
1995;lazio_281;0;0;0;0;0;0;0;0;0;0;0;0
2005;lazio_281;0;0;0;0;0;0;0;0;0;0;0;0
1985;lazio_282;0;0;0;0;0;0;0;0;0;0;0;0
1995;lazio_282;0;0;0;0;0;0;0;0;0;0;0;0
2005;lazio_282;0;0;0;0;0;0;0;0.03333333333333333;0;0;0;0
1985;lazio_283;0;0;0;0;0;0;0;0;0;0;0;0
1995;lazio_283;0;0;0;0;0;0;0.03333333333333333;0.1;0;0;0;0
2005;lazio_283;0;0;0;0;0;0;0.1;0.3333333333333333;0;0;0;0
1975;lazio_285;0;0;NA;0;NA;0;0;0;0;0;NA;0
1985;lazio_285;0;0;0;0;0;0;0;0;0;0;0;0
1995;lazio_285;0;0;0;0;0;0;0.034482758620689655;0.034482758620689655;0;0;0;0
2005;lazio_285;0;0;0;0;0;0;0.03333333333333333;0.03333333333333333;0;0;0;0
1975;lazio_289;0;0;0;0;0;0;0;0;0;0;0;0
1985;lazio_289;0;0;0;0;0;0;0;0;0;0;0;0
1995;lazio_289;0;0;0;0;0;0;0;0.037037037037037035;0;0;0;0
2005;lazio_289;0;0;0;0;0;0;0;0.037037037037037035;0;0;0;0
2005;lazio_329;0;0;0;0;0;0;0;0;0;0;0;0
2005;lazio_330;0;0;0;0;0;0;0;0.03571428571428571;0;0;0;0
1975;lazio_333;0;0;0;0;0;0;0.06666666666666667;0;0;0;0;0
1985;lazio_333;0;0;0;0;0;0;0.06666666666666667;0.03333333333333333;0;0;0;0
1995;lazio_333;0;0;0;0;0;0;0.16666666666666666;0.2;0;0;0;0
2005;lazio_333;0;0;0;0;0;0.034482758620689655;0.26666666666666666;0.7333333333333333;0;0;0;0
1975;lazio_375;0;0;0;0;0;0;0;0;0;0;0;0
1985;lazio_375;0;0;0;0;0;0;0;0;0;0;0;0
1995;lazio_375;NA;NA;NA;NA;NA;NA;NA;NA;NA;NA;0;0
2005;lazio_375;NA;NA;NA;NA;NA;NA;NA;NA;NA;NA;0;0
1975;lazio_388;0;0;0;0;0;0;0;0;0;0;0;0
1985;lazio_388;0;0;0;0;0;0;0;0;0;0;0;0
1995;lazio_388;NA;NA;NA;NA;NA;NA;NA;NA;NA;NA;NA;0
2005;lazio_388;NA;NA;0;NA;0;0;0;0;0;0;NA;0
1985;liguria_5813;0;0;0;0;0;0;0;0;0;0;0;0
1975;liguria_5816;0;0;0;0;0;0;0;0;0;0;0;0
1985;liguria_5816;0;0;0;0;0;0;0;0;0;0;0;0
1995;liguria_5816;0;0;0;0;0;0;0;0;0;0;0;0
2005;liguria_5816;0;0;0;0;0;0;0;0;0;0;0;0
1975;liguria_5849;0;0;0;0;0;0;0;0;0;0;0;0
1985;liguria_5849;0;0;0;0;0;0;0;0;0;0;0;0
1975;liguria_5888;0;0;0;0;0;0;0;0;0;0;0;0
1985;liguria_5888;0;0;0;0;0;0;0;0;0;0;0;0
1975;liguria_5889;0;0;0;0;0;0;0;0;0;0;0;0
1985;liguria_5889;0;0;0;0;0;0;0;0;0;0;0;0
1985;liguria_5924;0;0;0;0;0;0;0;0;0;0;0;0
1975;liguria_5933;0;0;0;0;0;0;0;0.034482758620689655;0;0;0;0
1985;liguria_5933;0;0;0;0;0;0;0;0.03571428571428571;0;0;0;0
1975;liguria_5934;0;0;0;0;0;0;0;0;0;0;0;0
1985;liguria_5934;0;0;0;0;0;0;0;0;0;0;0;0
1975;liguria_6933;NA;NA;NA;0;0;0;NA;NA;0;0;0;NA
1985;liguria_6933;0;0;0;0;0;0;0;0;0;0;0;0
1975;lombardia_5962;0;0;0;0;0;0;0;0;0;0;0;0
1985;lombardia_5962;0;0;0;0;0;0;0;0;0;0;0;0
1995;lombardia_5962;NA;0;0;0;0;0;0;0;0;0;0;0
2005;lombardia_5962;NA;NA;NA;NA;NA;NA;0;0;NA;NA;NA;NA
1975;lombardia_6032;0;0;0;0;0;0;0;0;0;0;0;0
1985;lombardia_6032;0;0;0;0;0;0;0;0;0;0;0;0
1995;lombardia_6032;0;0;0;0;0;0;0;0;0;0;0;0
2005;lombardia_6032;0;0;0;0;0;0.04;0;0;0;0;0;0
1985;marche_101;0;0;0;0;0;0;0;0;0;0;0;0
1995;marche_101;0;0;0;0;0;0;0;0;0;0;0;0
2005;marche_101;0;0;0;0;0;0;0;0.03571428571428571;0;0;0;0
1975;marche_104;0;0;0;0;0;0;0;0;0;0;0;0
1985;marche_104;0;0;0;0;0;0;0;0;0;0;0;0
1995;marche_104;0;0;0;0;0;0;0;0;0;0;0;0
2005;marche_104;0;0;0;0;0;0;0;0;0;0;0;0
1975;marche_108;0;0;0;0;0;0;0;0;0;0;0;0
1985;marche_108;0;0;0;0;0;0;0;0;0;0;0;0
1995;marche_108;0;0;0;0;0;0;0;0;0;0;0;0
2005;marche_108;0;0;0;0;0;0;0;0.11538461538461539;0;0;0;0
1975;marche_109;0;0;0;0;0;0;0;0;0;0;0;0
1985;marche_109;0;0;0;0;0;0;0;0;0;0;0;0
1995;marche_109;0;0;0;0;0;0;0;0;0;0;0;0
2005;marche_109;0;0;0;0;0;0;0;0;0;0;0;0
1975;marche_110;0;0;0;0;0;0;0;0;0;0;0;0
1985;marche_110;0;0;0;0;0;0;0;0;0;0;0;0
1995;marche_110;0;0;0;0;0;0;0;0;0;0;0;0
2005;marche_110;0;0;0;0;0;0;0;0.03571428571428571;0;0;0;0
1975;marche_123;0;0;0;0;0;0;0;0;0;0;0;0
1985;marche_123;0;0;0;0;0;0;0;0;0;0;0;0
1995;marche_123;0;0;0;0;0;0;0;0;0;0;0;0
2005;marche_123;0;0;0;0;0;0;0;0;0;0;0;0
1975;marche_142;0;0;0;0;0;0;0;0;0;0;0;0
1985;marche_142;0;0;0;0;0;0;0;0;0;0;0;0
1995;marche_142;0;0;0;0;0;0;0;0;0;0;0;0
2005;marche_142;0;0;0;0;0;0;0;0;0;0;0;0
1985;marche_151;0;0;0;0;0;0;0;0;0;0;0;0
1995;marche_151;0;0;0;0;0;0;0;0;0;0;0;0
2005;marche_151;0;0;0;0;0;0;0;0.03571428571428571;0;0;0;0
1975;marche_152;0;0;0;0;0;0;0;0;0;0;0;0
1985;marche_152;0;0;0;0;0;0;0;0;0;0;0;0
1995;marche_152;0;0;0;0;0;0;0;0;0;0;0;0
2005;marche_152;0;0;0;0;0;0;0;0;0;0;0;0
1975;marche_25;0;0;0;0;0;0;0;0;0;0;0;0
1985;marche_25;0;0;0;0;0;0;0;0;0;0;0;0
1995;marche_25;0;0;0;0;0;0;0;0;0;0;0;0
2005;marche_25;0;0;0;0;0;0;0;0.25925925925925924;0;0;0;0
1975;marche_605;0;0;0;0;0;0;0;0;0;0;0;0
1985;marche_605;0;0;0;0;0;0;0;0;0;0;0;0
1995;marche_605;0;0;0;0;0;0;0;0;0;0;0;0
2005;marche_605;0;0;0;0;0;0;0;0.14285714285714285;0;0;0;0
1975;marche_609;0;0;0;0;0;0;0;0;0;0;0;0
1985;marche_609;0;0;0;0;0;0;0;0.034482758620689655;0;0;0;0
1995;marche_609;0;0;0;0;0;0;0;0.03571428571428571;0;0;0;0
2005;marche_609;0;0;0;0;0;0;0;0.25;0;0;0;0
1975;marche_701;0;0;0;0;0;0;0;0;0;0;0;0
1985;marche_701;0;0;0;0;0;0;0;0;0;0;0;0
1995;marche_701;0;0;0;0;0;0;0;0;0;0;0;0
2005;marche_701;0;0;0;0;0;0;0;0.03571428571428571;0;0;0;0
1975;marche_702;0;0;0;0;0;0;0;0;0;0;0;0
1985;marche_702;0;0;0;0;0;0;0;0;0;0;0;0
1995;marche_702;0;0;0;0;0;0;0;0;0;0;0;0
2005;marche_702;0;0;0;0;0;0;0;0;0;0;0;0
1975;marche_703;0;0;0;0;0;0;0;0;0;0;0;0
1985;marche_703;0;0;0;0;0;0;0;0;0;0;0;0
1995;marche_703;0;0;0;0;0;0;0;0;0;0;0;0
2005;marche_703;0;0;0;0;0;0;0;0;0;0;0;0
2005;piemonte_5598;0;0;0;0;0;0.038461538461538464;0.038461538461538464;0.037037037037037035;0;0;0;0
2005;piemonte_5600;0;0;0;0;0;0.037037037037037035;0.034482758620689655;0.03571428571428571;0;0;0;0
2005;piemonte_5602;0;0;0;0;0;0;0;0;0;0;0;0
2005;piemonte_5607;0;NA;0;NA;0;0;0;0;0;0;0;0
2005;piemonte_5608;0;0;0;0;0;0;0;0;0;0;0;0
2005;piemonte_5609;0;0;0;0;0;0;0;0;0;0;0;0
2005;piemonte_5612;0;0;0;0;0;0;0;0.03571428571428571;0;0;0;0
2005;piemonte_5613;0;0;0;0;0;0;0;0;0;0;0;0
2005;piemonte_5616;0;0;0;0;0;0;0;0;0;0;0;0
2005;piemonte_5617;0;0;0;0;0;0;0;0;0;0;0;0
2005;piemonte_5620;0;0;0;0;0;0;0;0;0;0;0;0
2005;piemonte_5621;0;0;0;0;0;0;0;0;0;0;0;0
2005;piemonte_5627;0;0;0;0;0;0;0;0;0;0;0;0
2005;piemonte_5628;0;0;0;0;0;0;0;0;0;0;0;0
2005;piemonte_5629;0;0;0;0;0;0;0;0;0;0;0;0
2005;piemonte_5632;0;0;0;0;0;0;0;0;0;0;0;0
2005;piemonte_5634;0;0;0;0;0;0;0;0;0;0;0;0
2005;piemonte_5640;0;0;0;0;0;0;0;0;0;0;0;0
2005;piemonte_5644;NA;NA;NA;NA;NA;NA;NA;NA;NA;NA;NA;0
2005;piemonte_5646;0;0;0;0;0;0;0;0;0;0;0;0
1975;piemonte_5649;0;0;0;0;0;0;0;NA;0;0;0;NA
1985;piemonte_5649;0;0;0;0;0;NA;NA;0;0;0;0;NA
1995;piemonte_5649;0;0;0;0;0;0;0;0.041005291005291;0;0;0;0
2005;piemonte_5649;0;0;0;0;0;0;0;0.039591315453384415;0;0;0;0
2005;piemonte_5651;0;0;0;0;0;0;0;0;0;0;0;0
2005;puglia_100;0;0;0;0;0;0;0;0;0;0;0;0
2005;puglia_102;0;0;0;0;0;0.23076923076923075;0.5;0.6923076923076923;0;0;0;0
2005;puglia_109;0;0;0;0;0;0;0;0.041666666666666664;0;0;0;0
2005;puglia_111;0;0;0;0;0;0.07692307692307693;0.15384615384615385;0.07692307692307693;0;0;0;0
2005;puglia_112;0;0;0;0;0;0.038461538461538464;0.27999999999999997;0.07692307692307693;0;0;0;0
2005;puglia_118;0;0;0;0;0;0.038461538461538464;0.34615384615384615;0.16;0;0;0;0
2005;puglia_120;0;0;0;0;0;0;0.4;0.48;0;0;0;0
2005;puglia_121;0;0;0;0;0;0;0;0;0;0;0;NA
2005;puglia_123;0;0;0;0;0;0;0.12;0.08;0;0;0;0
2005;puglia_126;0;0;0;0;0;0.04166666666666667;0.25;0.12;0;0;0;0
2005;puglia_127;0;0;0;0;0;0.07692307692307693;0.6577807250221044;0.5441595441595442;0.07692307692307693;0;0;0
2005;puglia_128;0;0;0;0;0;0.125;0.52;0.8333333333333334;0.038461538461538464;0;0;0
2005;puglia_13;0;0;0;0;0;0.038461538461538464;0.11538461538461539;0;0;0;0;0
2005;puglia_130;0;0;0;0;0;0;0;0;0;0;0;0
2005;puglia_133;0;0;0;0;0;0.11538461538461538;0.4230769230769231;0.11538461538461539;0;0;0;0
2005;puglia_135;0;0;0;0;0;0;0.15384615384615385;0.3846153846153846;0;0;0;0
2005;puglia_137;0;0;0;0;0;0;0;0;0;0;0;0
2005;puglia_138;0;0;0;0;0;0;0.11666666666666665;0.038461538461538464;0;0;0;0
2005;puglia_139;0;0;0;0;0;0;0.15384615384615385;0;0;0;0;0
2005;puglia_14;NA;0;0;0;0;0.08333333333333334;0.46153846153846156;0.08;0.038461538461538464;0;0;0
2005;puglia_143;0;0;0;0;0;0;0;0.08;0;0;0;0
2005;puglia_144;0;0;0;0;0;NA;0.3807471264367816;0.3333333333333333;NA;NA;NA;NA
2005;puglia_147;NA;0;0;0;0;0.04166666666666667;0.08;0;0;0;0;0
2005;puglia_148;0;0;0;0;0;0;0.08;0;0;0;0;0
2005;puglia_15;0;0;0;0;0;0;0;0;0;0;0;0
2005;puglia_22;0;0;0;0;0;0.038461538461538464;0.15384615384615385;0;0;0;0;0
2005;puglia_23;0;0;0;0;0;0;0.038461538461538464;0.07692307692307693;0;0;0;0
2005;puglia_27;0;0;0;0;0;0.2;0.7307692307692308;0.6153846153846154;0.07692307692307693;0;0;0
2005;puglia_3;0;0;0;0;0;0;0.23076923076923078;0.15384615384615385;0;0;0;0
2005;puglia_30;0;0;0;0;0;0.038461538461538464;0.2692307692307692;0.07692307692307693;0;0;0;0
2005;puglia_31;0;0;0;0;0;0.07692307692307693;0.6799999999999999;0.52;0.04;0;0;0
2005;puglia_32;0;0;0;0;0;0.04166666666666667;0.3076923076923077;0.23076923076923078;0;0;0;0
2005;puglia_33;0;0;0;0;0;0;0.1923076923076923;0.04;0;0;0;0
2005;puglia_34;0;0;0;0;0;0;0.07692307692307693;0;0;0;0;0
2005;puglia_4;0;0;0;0;0;0;0;0;0;0;0;0
2005;puglia_42;0;0;0;0;0;0.038461538461538464;0.31908831908831903;0.07692307692307693;0;0;0;0
2005;puglia_44;NA;0;0;0;0;0;0.041666666666666664;0.08333333333333333;0;0;0;0
2005;puglia_50;0;0;0;0;0;0.038461538461538464;0.23076923076923078;0.038461538461538464;0;0;0;0
2005;puglia_51;0;0;0;0;0;0.11538461538461538;0.5769230769230769;0.6153846153846154;0;0;0;0
2005;puglia_52;0;0;0;0;0;0.15384615384615385;0.4230769230769231;0.6923076923076923;0;0;0;0
2005;puglia_54;NA;0;0;0;0;0;0;0;0;NA;0;0
2005;puglia_56;0;0;0;0;0;0;0;0;0;0;0;0
2005;puglia_58;0;0;0;0;0;0.11538461538461538;0.07692307692307693;0.038461538461538464;0;0;0;0
2005;puglia_59;0;0;0;0;0;0.08;0.52;0.24;0;0;0;0
2005;puglia_61;0;0;0;0;0;0;0.3846153846153846;0.3846153846153846;0;0;0;0
2005;puglia_62;0;0;0;0;0;0.04;0.5769230769230769;0.4230769230769231;0.038461538461538464;0;0;0
2005;puglia_64;NA;0;0;0;0;0;NA;0.041666666666666664;0;0;0;0
2005;puglia_65;0;0;0;0;0;0;0.4583333333333333;0.27999999999999997;0;0;0;0
2005;puglia_66;0;0;0;0;0;0.038461538461538464;0.2692307692307692;0.5384615384615384;0;0;0;0
2005;puglia_67;0;0;0;0;0;0.07692307692307693;0.3846153846153846;0.1923076923076923;0;0;0;0
2005;puglia_68;0;0;0;0;0;0.04;0.07692307692307693;0.11538461538461539;0.07692307692307693;0;0;0
2005;puglia_69;0;0;0;0;0;0.12;0.43999999999999995;0.23076923076923078;0;0;0;0
2005;puglia_71;0;0;0;0;0;0;0.038461538461538464;0.038461538461538464;0;0;0;0
2005;puglia_72;0;0;0;0;0;0.038461538461538464;0.2692307692307692;0.5;0;0;0;0
2005;puglia_73;0;0;0;0;0;0.038461538461538464;0.3076923076923077;0.08;0;0;0;0
2005;puglia_74;0;0;0;0;0;0.04;0.4485714285714285;0.32;0;NA;0;0
2005;puglia_75;0;0;0;0;0;0.07692307692307693;0.3846153846153846;0.1923076923076923;0.038461538461538464;0;0;0
2005;puglia_77;0;0;0;0;0;0;0.15384615384615385;0.24;0;0;0;0
2005;puglia_8;0;0;0;0;0;0;0;0.041666666666666664;0;0;0;0
2005;puglia_82;0;0;0;0;0;0;0.11538461538461539;0.07692307692307693;0;0;0;0
2005;puglia_84;0;0;0;0;0;0.15384615384615385;0.7307692307692308;0.5384615384615384;0.07692307692307693;0;0;0
2005;puglia_86;0;0;0;0;0;0;0;0;0;0;0;0
2005;puglia_87;0;0;0;0;0;0.08;0.84;0.656498673740053;0;0;0;0
2005;puglia_88;0;0;0;0;0;0.04;0.23076923076923078;0.07692307692307693;0;0;0;0
2005;puglia_89;0;0;0;0;0;0;0;0.04;0;0;0;0
2005;puglia_90;0;0;0;0;0;0;0;0;0;0;0;0
2005;puglia_97;0;0;0;0;0;0.08;0.25;0;0;0;0;0
1975;sardegna_CA011B539;0;0;0;0;0;0;0;0;0;0;0;0
1985;sardegna_CA011B539;0;0;0;0;0;0;0;0;0;0;0;0
1995;sardegna_CA011B539;0;0;0;0;0;0;0;0;0;0;0;0
2005;sardegna_CA011B539;0;0;0;0;0;0;0;0;0;0;0;0
1995;sardegna_CA018B579;NA;NA;NA;NA;NA;NA;NA;NA;0;NA;NA;NA
2005;sardegna_CA018B579;0;0;0;0;0;0.13333333333333333;0.48275862068965514;0.7637292464878672;0;0;0;0
2005;sardegna_CA018S240;NA;NA;NA;NA;NA;0;0.25277777777777777;0.36;0;NA;0;NA
2005;sardegna_CA019S235;NA;NA;NA;NA;0;0;NA;NA;0;NA;NA;NA
2005;sardegna_CA026S242;NA;NA;NA;NA;NA;NA;NA;NA;NA;0;0;0
1975;sardegna_CA027B574;0;0;0;0;0;0;0.4482758620689655;0.034482758620689655;0;0;0;0
1985;sardegna_CA027B574;0;0;0;0;0;0;0.4137931034482759;0;0;0;0;0
1995;sardegna_CA027B574;0;0;0;0;0;0.1724137931034483;0.7931034482758621;0.13793103448275862;0;0;0;0
2005;sardegna_CA027B574;0;0;0;0;0;0.16666666666666666;0.5;0.5666666666666667;0;0;0;0
2005;sardegna_CA029B508;0;0;0;0;0;0.14285714285714285;0.5714285714285714;0.8976190476190476;0;0;0;0
2005;sardegna_CA034B582;0;0;0;0;0;0.06666666666666667;0.06666666666666667;0.13333333333333333;0;0;0;0
1975;sardegna_CA035A003;0;0;0;0;0;0;0;0;0;0;0;0
1985;sardegna_CA035A003;0;0;0;0;0;0;0;0;0;0;0;0
1995;sardegna_CA035A003;0;0;0;0;0;0;0;0;0;0;0;0
2005;sardegna_CA035A003;NA;0;0;0;0;0;0;NA;NA;0;0;NA
2005;sardegna_CA049B573;0;0;0;0;0.038461538461538464;0.31432360742705573;0.5833333333333334;1.04;0;0;0;0
2005;sardegna_CA054S254;NA;0;0;NA;NA;NA;NA;NA;0;NA;NA;NA
2005;sardegna_CA058S237;0;0;0;0;0;0;0.041666666666666664;0.041666666666666664;NA;0;NA;NA
1975;sardegna_CA069S241;0;0;0;0;0;0;0.03571428571428571;0.0738095238095238;0;0;0;0
1985;sardegna_CA069S241;0;0;0;0;0;0;0.03571428571428571;0.0738095238095238;0;0;0;0
1995;sardegna_CA069S241;0;0;0;0;0;0;0.10714285714285714;0.0738095238095238;0;0;0;0
2005;sardegna_CA069S241;NA;NA;0;NA;NA;NA;NA;NA;0;0;0;0
2005;sardegna_CA086B520;0;0;0;0;0;0.03333333333333333;0.3333333333333333;0.43333333333333335;0;0;0;0
1975;sardegna_CA089A009;0;0;0;0;0;0;NA;NA;NA;NA;NA;NA
1985;sardegna_CA089A009;0;0;0;0;0;0;0.04;NA;NA;0;0;NA
1995;sardegna_CA089A009;0;0;0;0;0;0;0.041666666666666664;NA;NA;NA;0;NA
2005;sardegna_CA089A009;0;0;0;0;0;0;NA;NA;NA;0;NA;0
2005;sardegna_CA095B577;0;0;0;0;0;0.13333333333333333;0.7;1;0.03333333333333333;0;0;0
2005;sardegna_CA100S294;0;0;0;0;NA;NA;NA;NA;0;0;0;0
1985;sardegna_CA102B530;0;0;0;0;0;0;0;0;0;0;0;0
1995;sardegna_CA102B530;0;0;0;0;0;0;0;0;0;0;0;0
2005;sardegna_CA102B530;0;0;0;0;0;0;0;0;0;0;0;0
2005;sardegna_CA102B565;0;0;0;0;0;0.10714285714285715;0.20689655172413793;0.17857142857142858;0;0;0;0
2005;sardegna_NU006S227;NA;NA;0;NA;NA;0;0;0.08333333333333333;0;0;NA;NA
2005;sardegna_NU009S249;0;0;0;0;0;0;0;0;NA;0;0;NA
2005;sardegna_NU016S280;0;NA;0;0;0;0;0.04;0;0;0;0;0
1995;sardegna_NU023B512;0;0;0;0;0;0.037037037037037035;0.2222222222222222;0.07530864197530864;0;0;0;0
2005;sardegna_NU023B512;0;0;0;0;0;0.03571428571428571;0.03571428571428571;0.10833333333333334;0;0;0;0
2005;sardegna_NU030S225;NA;0;0;0;0;0.19999999999999998;0.5;0.75;0.038461538461538464;0;0;NA
2005;sardegna_NU038S223;NA;0;0;0;0;0.24;1.0437665782493368;1.2333333333333334;0;0;0;0
1975;sardegna_NU051B527;0;0;0;0;0;0;0;0;0;0;0;0
1985;sardegna_NU051B527;0;0;0;0;0;0;0;0.06666666666666667;0;0;0;0
1995;sardegna_NU051B527;0;0;0;0;0;0;0;0.07407407407407407;0;0;0;0
2005;sardegna_NU051B527;0;0;0;0;0;0;0;0.07407407407407407;0;0;0;0
2005;sardegna_NU063B509;0;0;0;0;0;0;0.03333333333333333;0;0;0;0;0
1975;sardegna_NU068A007;0;0;0;0;0;0;0.034444444444444444;0.06666666666666667;0;0;0;0
1985;sardegna_NU068A007;0;0;0;0;0;0;0;0.03333333333333333;0;0;0;0
1995;sardegna_NU068A007;0;0;0;0;0;0;0;0;0;0;0;0
2005;sardegna_NU068A007;0;0;0;0;0;0;0;0;NA;0;0;0
2005;sardegna_OR005B581;0;0;0;0;0;0.07142857142857142;0.21428571428571427;0.2222222222222222;0;0;0;0
2005;sardegna_OR009B501;0;0;0;0;0;0.03333333333333333;0.20689655172413793;0.2;0;0;0;0
2005;sardegna_OR027B568;0;0;0;0;0;0;0.04;0;0;0;0;0
2005;sardegna_OR039B571;0;0;0;0;0;0;0.03333333333333333;0.13333333333333333;0;0;0;0
2005;sardegna_OR057B592;0;0;0;0;0;0.48275862068965514;1.5517241379310343;1.0689655172413792;0.034482758620689655;0;0;0
2005;sardegna_SS013S261;NA;0;0;0;0;0;0.03571428571428571;0.03571428571428571;0;0;0;0
2005;sardegna_SS025B563;0;0;0;0;0;0;0.03333333333333333;0.06666666666666667;0;0;0;0
2005;sardegna_SS026B517;0;0;0;0;0;0.09999999999999999;0.33444444444444443;0.3;0;0;0;0
2005;sardegna_SS029S208;0;0;0;0;0;NA;NA;NA;NA;NA;0;0
2005;sardegna_SS031S212;NA;0;NA;0;NA;NA;0.7080017134289998;NA;NA;NA;0;NA
2005;sardegna_SS034S201;0;0;0;0;0;0;0.038461538461538464;0.16;0;0;NA;0
1975;sardegna_SS038B556;0;0;NA;0;0;NA;NA;NA;0;NA;NA;NA
1985;sardegna_SS038B556;0;0;NA;0;0;0;NA;NA;NA;NA;NA;NA
1995;sardegna_SS038B556;0;0;NA;0;0;NA;NA;NA;NA;NA;NA;NA
2005;sardegna_SS038B556;0;0;0;0;0;0.1923076923076923;1.0416666666666665;NA;0;0;0;0
1975;sardegna_SS046B503;0;0;0;0;0;0;0;0;0;0;0;0
1985;sardegna_SS046B503;0;0;0;0;0;0;0;0;0;0;0;0
1995;sardegna_SS046B503;0;0;0;0;0;0;0.037037037037037035;0;0;0;0;0
2005;sardegna_SS046B503;0;0;0;0;0;0;0.03333333333333333;0;0;0;0;0
2005;sardegna_SS052S202;NA;0;0;NA;0;NA;0.8813333333333333;0.8375;0;0;0;NA
2005;sardegna_SS053B606;0;0;0;0;0;0;0.1806896551724138;0.14285714285714285;0;0;0;0
1975;sardegna_SS054B613;0;0;0;0;0;0;0.03571428571428571;0;0;0;0;0
1995;sardegna_SS054B613;0;0;NA;NA;0;0;0.04;0;0;0;0;NA
2005;sardegna_SS054B613;0;0;NA;NA;0;0;0;0;0;0;0;NA
2005;sardegna_SS059A001;0;0;0;0;0;0;0;0;NA;0;0;0
1975;sardegna_SS059A392;0;0;0;0;0;0;0.27586206896551724;0.034482758620689655;0;0;0;0
1985;sardegna_SS059A392;0;0;0;0;0;0;0.2916666666666667;0.041666666666666664;0;NA;0;NA
1995;sardegna_SS059A392;0;0;NA;0;0;0;NA;NA;NA;NA;NA;NA
2005;sardegna_SS063S203;NA;NA;0;0;0;0;0.604;0.7037037037037036;0;0;0;0
2005;sardegna_SS074S204;0;0;0;0;NA;0;0.08333333333333333;NA;0;0;0;NA
1975;sicilia_11805;0;0;0;0;0;0;0;0;0;0;0;0
1985;sicilia_11805;0;0;0;0;0;0;0;0;0;0;0;0
1995;sicilia_11805;0;NA;0;NA;0;0;0;NA;0;0;0;0
1975;sicilia_11812;0;0;0;0;0;0;0;0;0;0;0;0
1985;sicilia_11812;0;0;0;0;0;0;0;0.03333333333333333;0;0;0;0
1995;sicilia_11812;0;0;0;0;0;0.09999999999999999;0.03333333333333333;0.1;0;0;0;0
2005;sicilia_11812;0;0;0;0;0;0.09999999999999999;0.03333333333333333;0.1;0;0;0;0
1975;sicilia_11813;NA;0;0;0;0;NA;NA;NA;NA;NA;NA;NA
1985;sicilia_11813;0;0;0;0;0;0;0.12;0.038461538461538464;0;0;0;0
1995;sicilia_11813;0;0;0;0;0;0;NA;0.08333333333333333;0;0;0;0
2005;sicilia_11813;0;0;0;0;0;0;0.15384615384615385;0.2692307692307692;0;0;0;0
1975;sicilia_11825;0;0;0;0;0;0;0.034482758620689655;0;0;0;0;0
1985;sicilia_11825;0;0;0;0;0;0;0.1;0.2;0;0;0;0
1995;sicilia_11825;0;0;0;0;0;0.09999999999999999;0.5333333333333333;0.5333333333333333;0.03333333333333333;0;0;0
2005;sicilia_11825;0;0;0;0;0;0.09999999999999999;0.6333333333333333;0.8666666666666667;0.03333333333333333;0;0;0
1975;sicilia_11832;0;0;0;0;0;0;0.10344827586206896;0;0;0;0;0
1985;sicilia_11832;0;0;0;0;0;0;0.21428571428571427;0.21428571428571427;0;0;0;0
1995;sicilia_11832;0;0;0;0;0;0.03571428571428571;0.2857142857142857;0.21428571428571427;0;0;0;0
2005;sicilia_11832;0;0;0;0;0;0.03571428571428571;0.21428571428571427;0.21428571428571427;0;0;0;0
1975;sicilia_11843;0;0;0;0;0;0;0;0;0;0;0;0
1985;sicilia_11843;0;0;0;0;0;0;0.10344827586206896;0.1724137931034483;0;0;0;0
1995;sicilia_11843;0;0;0;0;0;0.13793103448275862;0.4;0.2333333333333333;0;0;0;0
2005;sicilia_11843;0;0;0;0;0;0.13793103448275862;0.43333333333333335;0.4;0;0;0;0
1975;sicilia_11850;0;0;0;0;0;0.06896551724137931;0.034482758620689655;0;0;0;0;0
1985;sicilia_11850;0;0;0;0;0;0.06896551724137931;0.034482758620689655;0;0;0;0;0
1995;sicilia_11850;0;0;0;0;0;0.06896551724137931;0.034482758620689655;0;0;0;0;0
2005;sicilia_11850;0;0;0;0;0;0;0;0;0;0;0;0
1975;sicilia_11858;0;0;0;0;0;0;0.18518518518518517;0;0;0;0;0
1985;sicilia_11858;0;0;0;0;0;0;0.034482758620689655;0.10344827586206896;0.034482758620689655;0;0;0
1995;sicilia_11858;0;0;0;0;0;0.03571428571428571;0.24137931034482757;0.24137931034482757;0.034482758620689655;0;0;0
2005;sicilia_11858;0;0;0;0;0;0.07142857142857142;0.27586206896551724;0.3103448275862069;0.034482758620689655;0;0;0
1975;sicilia_11874;0;0;0;0;0;0.11538461538461538;0.96;0.32;0.16;0;0;0
1985;sicilia_11874;0;0;0;0;0.037037037037037035;0.33333333333333337;1.7037037037037037;1.4444444444444444;0.25925925925925924;0;0;0
1995;sicilia_11874;0;0;0;0;0.034482758620689655;0.8275862068965517;2.6206896551724137;2.5517241379310347;0.3448275862068966;0;0;0
2005;sicilia_11874;0;0;0;0;0.038461538461538464;1.1923076923076923;3.4615384615384617;3.730769230769231;0.34615384615384615;0;0;0
1975;sicilia_11882;0;0;0;0;0;0;0.13333333333333333;0;0;0;0;0
1985;sicilia_11882;0;0;0;0;0;0.03333333333333333;0.2333333333333333;0.20689655172413793;0;0;0;0
1995;sicilia_11882;0;0;0;0;0;0.034482758620689655;0.3448275862068966;0.35714285714285715;0;0;0;0
2005;sicilia_11882;0;0;0;0;0;0.03571428571428571;0.2857142857142857;0.42857142857142855;0;0;0;0
1975;sicilia_11887;0;0;0;0;0;0;0.07407407407407407;0;0;0;0;0
1985;sicilia_11887;0;0;0;0;0;0;0.13333333333333333;0.06666666666666667;0;0;0;0
1995;sicilia_11887;0;0;0;0;0;0.06666666666666667;0.2333333333333333;0.1;0;0;0;0
2005;sicilia_11887;0;0;0;0;0;0.06896551724137931;0.1724137931034483;0.1724137931034483;0;0;0;0
1975;sicilia_11888;0;0;0;0;0;0;0.07142857142857142;0;0;0;0;0
1985;sicilia_11888;0;0;0;0;0;0;0.17857142857142858;0;0;0;0;0
1995;sicilia_11888;0;0;0;0;0;0.08;0.24;0;0;0;0;0
1975;sicilia_11889;0;0;0;0;0;0;0.3333333333333333;0;0.04166666666666667;0;0;0
1985;sicilia_11889;0;0;0;0;0;0.04166666666666667;0.5833333333333334;0.4583333333333333;0.08333333333333334;0;0;0
1995;sicilia_11889;0;0;0;0;0;0.28571428571428575;0.7857142857142857;0.5357142857142857;0.07142857142857142;0;0;0
2005;sicilia_11889;0;0;0;0;0;0.3793103448275862;0.6896551724137931;0.8620689655172413;0.03571428571428571;0;0;0
1975;sicilia_11891;0;0;0;0;0;0;0;0;0;0;0;0
1985;sicilia_11891;0;0;0;0;0;0;0;0;0;0;0;0
1995;sicilia_11891;0;0;0;0;0;0;0;0;0;0;0;0
1975;sicilia_11898;0;0;0;0;0;0;0;0;0;0;0;0
1985;sicilia_11898;0;0;0;0;0;0;0;0;0;0;0;0
1995;sicilia_11898;0;0;0;0;0;0.07692307692307693;0.038461538461538464;0;0;0;0;0
1975;sicilia_11933;0;0;0;0;0;0.3103448275862069;0.6896551724137931;0.20689655172413793;0;0;0;0
1985;sicilia_11933;0;0;0;0;0;0.6296296296296297;1.3703703703703702;1.222222222222222;0.07407407407407407;0;0;0
1995;sicilia_11933;0;0;0;0;0;1.2962962962962963;2.2962962962962963;2.2222222222222223;0.11111111111111112;0;0;0
2005;sicilia_11933;0;0;0;0;0;1.1111111111111112;2.2962962962962963;2.5925925925925926;0.14814814814814814;0;0;0
1975;sicilia_13828;0;0;0;0;0;0.13793103448275862;0.034482758620689655;0;0;0;0;0
1985;sicilia_13828;0;0;0;0;0;0.14814814814814814;0.25925925925925924;0.037037037037037035;0;0;0;0
1995;sicilia_13828;0;0;0;0;0;0.18518518518518517;0.40740740740740744;0.07407407407407407;0;0;0;0
1975;sicilia_13871;0;0;0;0;0;0;0;0;0;0;0;0
1985;sicilia_13871;0;0;0;0;0;0;0;0;0;0;0;0
1995;sicilia_13871;0;0;0;0;0;0;0;0;0;0;0;0
1975;sicilia_13881;0;0;0;0;0;0;0;0;0;0;0;0
1985;sicilia_13881;0;0;0;0;0;0;0;0.03333333333333333;0;0;0;0
1995;sicilia_13881;0;0;0;0;0;0.09999999999999999;0.03333333333333333;0.03333333333333333;0;0;0;0
2005;sicilia_13881;0;0;0;0;0;0.12;0.04;0.04;0;0;0;0
1975;sicilia_13883;NA;0;0;0;0;NA;NA;NA;NA;NA;NA;NA
1985;sicilia_13883;0;0;0;0;0;0;0.12;0.038461538461538464;0;0;0;0
1995;sicilia_13883;0;0;0;0;0;0;NA;0.041666666666666664;0;0;0;0
1975;sicilia_13907;0;0;0;0;0;0;0.034482758620689655;0;0;0;0;0
1985;sicilia_13907;0;0;0;0;0;0;0.1;0.2;0;0;0;0
1995;sicilia_13907;0;0;0;0;0;0.09999999999999999;0.5666666666666667;0.5;0.03333333333333333;0;0;0
2005;sicilia_13907;0;0;0;0;0;0.12;0.76;0.6799999999999999;0.04;0;0;0
1975;sicilia_13919;0;0;0;0;0;0;0.10344827586206896;0;0;0;0;0
1985;sicilia_13919;0;0;0;0;0;0;0.21428571428571427;0.21428571428571427;0;0;0;0
1995;sicilia_13919;0;0;0;0;0;0.03571428571428571;0.2857142857142857;0.21428571428571427;0;0;0;0
1975;sicilia_13953;0;0;0;0;0;0;0;0;0;0;0;0
1985;sicilia_13953;0;0;0;0;0;0;0.06896551724137931;0.1724137931034483;0;0;0;0
1995;sicilia_13953;0;0;0;0;0;0.13793103448275862;0.2333333333333333;0.2;0;0;0;0
2005;sicilia_13953;0;0;0;0;0;0.16666666666666669;0.27999999999999997;0.27999999999999997;0;0;0;0
1975;sicilia_13996;0;0;0;0;0;0;0.14814814814814814;0;0;0;0;0
1985;sicilia_13996;0;0;0;0;0;0;0.034482758620689655;0.034482758620689655;0.034482758620689655;0;0;0
1995;sicilia_13996;0;0;0;0;0;0.03571428571428571;0.20689655172413793;0.10344827586206896;0.034482758620689655;0;0;0
2005;sicilia_13996;0;0;0;NA;0;NA;0.25;0.125;0.04166666666666667;0;0;0
1975;sicilia_14001;0;0;0;0;0;0;0.2222222222222222;0.07407407407407407;0;0;0;0
1985;sicilia_14001;0;0;0;0;0;0.07692307692307693;0.4230769230769231;0.4230769230769231;0;0;0;0
1995;sicilia_14001;0;0;0;0;0;0.15384615384615385;0.6153846153846154;0.5555555555555556;0;0;0;0
1975;sicilia_14038;0;0;0;0;0;0.11538461538461538;1.0799999999999998;0.36;0.16;0;0;0
1985;sicilia_14038;0;0;0;0;0.037037037037037035;0.33333333333333337;1.9259259259259258;1.6296296296296298;0.25925925925925924;0;0;0
1995;sicilia_14038;0;0;0;0;0.034482758620689655;0.8275862068965517;2.8275862068965516;2.7241379310344827;0.3448275862068966;0;0;0
2005;sicilia_14038;0;0;0;0;0.041666666666666664;1.1666666666666667;3.4583333333333335;3.791666666666667;0.375;0;0;NA
1975;sicilia_14089;0;0;0;0;0;0;0.13333333333333333;0;0;0;0;0
1985;sicilia_14089;0;0;0;0;0;0.03333333333333333;0.2333333333333333;0.20689655172413793;0;0;0;0
1995;sicilia_14089;0;0;0;0;0;0.034482758620689655;0.3448275862068966;0.35714285714285715;0;0;0;0
1975;sicilia_14095;0;0;0;0;0;0.037037037037037035;0.1111111111111111;0;0;0;0;0
1985;sicilia_14095;0;0;0;0;0;0.03333333333333333;0.2333333333333333;0.26666666666666666;0;0;0;0
1995;sicilia_14095;0;0;0;0;0;0.09999999999999999;0.5;0.36666666666666664;0;0;0;0
1975;sicilia_14098;0;0;0;0;0;0;0.07142857142857142;0;0;0;0;0
1985;sicilia_14098;0;0;0;0;0;0;0.17857142857142858;0;0;0;0;0
1995;sicilia_14098;0;0;0;0;0;0.07407407407407407;0.25925925925925924;0;0;0;0;0
1975;sicilia_14104;0;0;0;0;0;0;0;0;0;0;0;0
1985;sicilia_14104;0;0;0;0;0;0;0;0;0;0;0;0
1995;sicilia_14104;0;0;0;0;0;0;0;0;0;0;0;0
2005;sicilia_14104;0;0;0;0;0;NA;0;0;0;0;0;0
1975;sicilia_14121;0;0;0;0;0;0;0;0;0;0;0;0
1985;sicilia_14121;0;0;0;0;0;0;0;0;0;0;0;0
1995;sicilia_14121;0;0;0;0;0;0.038461538461538464;0.038461538461538464;0;0;0;0;0
1975;toscana_17;0;0;0;0;0;0;0;0;0;0;0;0
1985;toscana_17;0;0;0;0;0;0;0;0;0;0;0;0
1995;toscana_17;0;0;0;0;0;0;0;0;0;0;0;0
2005;toscana_17;0;0;0;0;0;0;0;0.18518518518518517;0;0;0;0
2005;toscana_232;0;0;0;0;0;0;0;0;0;0;0;0
2005;toscana_27;0;0;0;0;0;0;0;0;0;0;0;0
2005;toscana_28;0;0;0;0;0;0;0;0;0;0;0;0
2005;toscana_30;0;0;0;0;0;0;0;0;0;0;0;0
1985;toscana_349;0;0;0;0;0;0;0;0;0;0;0;0
1995;toscana_349;0;0;0;0;0;0;0;0;0;0;0;0
2005;toscana_349;0;0;0;0;0;0;0;0;0;0;0;0
1975;toscana_464;0;0;0;0;0;0;0;0;0;0;0;0
1985;toscana_464;0;0;0;0;0;0;0;0;0;0;0;0
1995;toscana_464;0;0;0;0;0;0;0;0.03333333333333333;0;0;0;0
2005;toscana_464;0;0;0;0;0;0;0;0.06666666666666667;0;0;0;0
1975;toscana_55;0;0;0;0;0;0;0;0;0;0;0;0
1985;toscana_55;0;0;0;0;0;0;0;0;0;0;0;0
1995;toscana_55;0;0;0;0;0;0;0;0;0;0;0;0
2005;toscana_55;0;0;0;0;0;0;0;0.03571428571428571;0;0;0;0
2005;toscana_57;0;0;0;0;0;0;0;0.03571428571428571;0;0;0;0
2005;toscana_58;0;0;0;0;0;0;0;0.03571428571428571;0;0;0;0
1975;toscana_72;0;0;0;0;0;0;0;0;0;0;0;0
1985;toscana_72;0;0;0;0;0;0;0;0;0;0;0;0
1995;toscana_72;0;0;0;0;0;0;0;0;0;0;0;0
2005;toscana_72;0;0;0;0;0;0;0;0;0;0;0;0
1975;toscana_78;0;0;0;0;0;0;0.038461538461538464;0;0;0;0;0
1985;toscana_78;0;0;0;0;0;0;0.037037037037037035;0;0;0;0;0
1995;toscana_78;0;0;0;0;0;0;0.034482758620689655;0;0;0;0;0
2005;toscana_78;0;0;0;0;0;0;0;0;0;0;0;0
1975;trentino_6509;0;0;0;0;0;0;0;0;0;0;0;0
1985;trentino_6509;0;0;0;0;0;0;0;0;0;0;0;0
1995;trentino_6509;0;0;0;0;0;0;0;NA;NA;0;0;0
2005;trentino_6509;0;0;0;0;0;0;0;0;NA;0;0;0
1975;trentino_6511;0;0;0;0;0;0;0;0;0;0;0;0
1985;trentino_6511;0;0;0;0;0;0;0;0;0;0;0;0
1995;trentino_6511;0;0;0;0;0;0;0;0;0;NA;0;NA
2005;trentino_6511;NA;0;0;0;0;0;0;0;NA;NA;0;NA
2005;trentino_6512;0;0;0;0;0;0;0;0;0;0;0;0
1985;trentino_6521;0;0;0;0;0;0;0;0;0;0;0;0
1995;trentino_6521;0;0;0;0;0;0;0;0;0;0;0;0
2005;trentino_6521;0;0;0;0;0;0;0;0;0;0;0;0
1975;trentino_6525;0;0;0;0;0;0;0;0;0;0;0;0
1985;trentino_6525;0;0;0;0;0;0;0;0;0;0;0;0
1995;trentino_6525;0;0;0;0;0;0;0;0;0;0;0;0
2005;trentino_6525;0;NA;NA;0;NA;0;0;0;0;0;0;0
2005;trentino_6529;0;0;0;0;0;0;0;0;0;0;0;0
1975;trentino_6533;0;0;0;0;0;0;0;0;0;0;0;0
1985;trentino_6533;0;0;0;0;0;0;0;0;0;0;0;0
1995;trentino_6533;0;0;0;0;0;0;0;0;0;0;0;0
2005;trentino_6533;0;0;0;0;0;0;0;0;0;0;0;0
2005;trentino_6541;0;0;0;0;0;0;0;0;0;0;0;0
1975;trentino_6543;0;0;0;0;0;0;0;0;0;0;0;0
1985;trentino_6543;0;0;0;0;0;0;0;0;0;0;0;0
1995;trentino_6543;0;0;0;0;0;0;0;0;0;0;0;0
2005;trentino_6543;0;0;0;0;0;0;0;0;0;0;0;0
1975;trentino_6546;0;0;0;0;0;0;0;0;0;0;0;0
1985;trentino_6546;0;0;0;0;0;0;0;0;0;0;0;0
1995;trentino_6546;0;0;0;0;0;0;0;0;0;0;0;0
2005;trentino_6546;0;0;0;0;0;0;0;0;0;0;0;0
1995;trentino_6547;0;0;0;0;0;0;0;0;0;0;0;0
2005;trentino_6547;0;0;0;0;0;0;0;0;0;0;0;0
1985;trentino_6561;0;0;0;0;0;0;0;0;0;0;0;0
1995;trentino_6561;0;0;0;0;0;0;0;0;0;0;0;0
2005;trentino_6561;0;0;0;0;0;0;0;0;0;0;0;0
1975;trentino_6564;0;0;0;0;0;0;0;0;0;0;0;0
1985;trentino_6564;0;0;0;0;0;0;0;0;0;0;0;0
1995;trentino_6564;0;0;0;0;0;0;0;0;0;0;0;0
2005;trentino_6564;0;0;0;0;0;0;0;0;0;0;0;0
2005;trentino_6569;0;0;0;0;0;0;0;0.038461538461538464;0;0;0;0
1975;trentino_6570;0;0;0;0;0;0;0;0;0;0;0;0
1985;trentino_6570;0;0;0;0;0;0;0;0;0;0;0;0
1995;trentino_6570;0;0;0;0;0;0;0;0.07407407407407407;0;0;0;0
2005;trentino_6570;0;0;0;0;0;0;0;0.07407407407407407;0;0;0;0
2005;trentino_6574;0;0;0;0;0;0;0;0;0;0;0;0
2005;trentino_6576;0;0;0;0;0;0;0;0;0;0;0;0
2005;trentino_6585;0;0;0;0;0;0;0;0;0;0;0;0
1995;trentino_6598;0;0;0;0;0;0;0;0;0;0;0;0
2005;trentino_6598;0;0;0;0;0;0;0;0;0;0;0;0
2005;trentino_6603;0;0;0;0;0;0;0;0;0;0;0;0
2005;trentino_6609;0;0;0;0;0;0;0;0;0;0;0;0
2005;trentino_6636;0;0;0;0;0;0;0;0;NA;0;0;0
1975;trentino_6638;0;0;0;0;0;0;0;0;0;0;0;0
1985;trentino_6638;0;0;0;0;0;0;0;0;0;0;0;0
1995;trentino_6638;0;0;0;0;0;0;0;0;NA;0;0;0
2005;trentino_6638;0;0;0;0;NA;0;0;0;NA;0;0;0
1975;trentino_6639;0;0;0;0;0;0;0;0;0;0;0;0
1985;trentino_6639;0;0;0;0;0;0;0;0;0;0;0;0
1995;trentino_6639;0;0;0;0;0;0;0;0;0;0;0;0
2005;trentino_6639;0;0;0;0;0;0;0;0;0;0;0;0
1975;trentino_6640;0;0;0;0;0;0;0;0;0;0;0;0
1985;trentino_6640;0;0;0;0;0;0;0;0;0;0;0;0
1995;trentino_6640;0;0;0;0;0;0;0;0;0;0;0;0
2005;trentino_6640;0;0;0;0;0;0;0;0;0;0;0;0
1985;trentino_6644;0;0;0;0;0;0;0;0;0;0;0;0
1995;trentino_6644;0;0;0;0;0;0;0;0;0;0;0;0
2005;trentino_6644;0;0;0;0;0;0;0;0;0;0;0;0
1985;valledaosta_106;0;0;0;0;0;0;0;0;0;0;0;0
1995;valledaosta_106;0;0;0;0;0;0;0;0;0;0;0;0
2005;valledaosta_106;0;0;0;0;0;0;0;0;0;0;0;0
2005;valledaosta_109;0;0;0;0;0;0;0;0;0;0;0;0
2005;valledaosta_110;0;0;NA;0;0;NA;0;0;0;0;0;0
2005;valledaosta_111;NA;0;NA;0;NA;NA;0;NA;0;NA;0;0
2005;valledaosta_112;0;0;0;0;0;NA;0;0;0;0;NA;0
2005;valledaosta_113;0;0;0;NA;0;NA;0;0;0;0;0;0
2005;valledaosta_115;NA;NA;0;0;NA;NA;0;0;0;0;NA;NA
1995;valledaosta_31;0;0;0;0;0;0;0;0;0;0;0;0
2005;valledaosta_31;0;0;0;0;0;0;0;0;0;0;0;0
1985;valledaosta_57;0;0;0;0;0;0;0;0;0;0;0;0
1995;valledaosta_57;0;0;0;0;0;0;0;0;0;0;0;0
2005;valledaosta_57;0;0;0;0;0;0;0;0;0;0;0;0
1985;valledaosta_98;0;0;0;0;0;0;0;0;0;0;0;0
1995;valledaosta_98;0;0;0;0;0;0;0;0;0;0;0;0
2005;valledaosta_98;0;0;0;0;0;0.03333333333333333;0;0;0;0;0;0
2005;veneto_5675;0;0;0;0;0;0;0;0;0;0;0;0
2005;veneto_5677;0;0;0;0;0;0;0;0;0;0;0;0
2005;veneto_5678;0;0;0;0;0;0;0;0;0;0;0;0
2005;veneto_5679;0;0;0;0;0;0;0;0;0;0;0;0
2005;veneto_5680;0;0;0;0;0;0;0;0;0;0;0;0
2005;veneto_5681;0;0;0;0;0;0;0;0;0;0;0;0
2005;veneto_5682;0;0;0;0;0;0;0;0;0;0;0;0
2005;veneto_5683;0;0;0;0;0;0;0;0;0;0;0;0
2005;veneto_5685;0;0;0;0;0;0;0;0;0;0;0;0
2005;veneto_5686;0;0;0;0;0;0;0;0;0;0;0;0
2005;veneto_5687;0;0;0;0;0;0;0;0;0;0;0;0
2005;veneto_5688;0;0;0;0;0;0;0;0;0;0;0;0
2005;veneto_5689;0;0;0;0;0;0;0;0;0;0;0;0
2005;veneto_5690;0;0;0;0;0;0;0;0;0;0;0;0
2005;veneto_5691;0;0;0;0;0;0;0;0;0;0;0;0
2005;veneto_5692;0;0;0;0;0;0;0;0;0;0;0;0
2005;veneto_5693;0;0;0;0;0;0;0;0;0;0;0;0
2005;veneto_5694;NA;0;0;0;0;0;0;0;0;0;0;0
2005;veneto_5695;0;0;0;0;0;0;0;0;0;0;0;0
2005;veneto_5696;0;0;0;0;0;0;0;0;0;0;0;0
2005;veneto_5697;0;0;0;0;0;0;0;0;0;0;0;0
2005;veneto_5698;0;0;0;0;0;0;0;0;0;0;0;0
2005;veneto_5699;0;0;0;0;0;0;0;0;0;0;0;0
2005;veneto_5700;0;0;0;0;0;0;0;0;0;0;0;0
2005;veneto_5703;0;0;0;0;0;0;0;0;0;0;0;0
2005;veneto_5704;0;0;0;0;0;0;0;0;0;0;0;0
2005;veneto_5705;0;0;0;0;0;0;0;0;0;0;0;0
2005;veneto_5706;0;0;0;0;0;0;0;0;0;0;0;0
2005;veneto_5707;0;0;0;0;0;0;0;0;0;0;0;0
2005;veneto_5708;0;0;0;0;0;0;0;0;0;0;0;0
2005;veneto_5709;0;0;0;0;0;0;0;0;0;0;0;0
2005;veneto_5710;0;0;0;0;0;0;0;0;0;0;0;0
2005;veneto_5711;0;0;0;0;0;0;0;0;0;0;0;0
2005;veneto_5712;0;0;0;0;0;0;0;0;0;0;0;0
2005;veneto_5713;0;0;0;0;0;0;0;0;0;0;0;0
2005;veneto_5714;0;0;0;0;0;0;0;0;0;0;0;0
2005;veneto_5715;0;0;0;0;0;0;0;0;0;0;0;0
2005;veneto_5716;0;0;0;0;0;0;0;0;0;0;0;0
2005;veneto_5717;0;0;0;0;0;0;0;0;0;0;0;0
2005;veneto_5718;0;0;0;0;0;0;0;0;0;0;0;0
2005;veneto_5719;0;0;0;0;0;0;0;0;0;0;0;0
2005;veneto_5720;0;0;0;0;0;0;0;0;0;0;0;0
2005;veneto_5721;0;0;0;0;0;0;0;0;0;0;0;0
2005;veneto_5722;0;0;0;0;0;0;0;0;0;0;0;0
2005;veneto_5723;0;0;0;0;0;0;0;0;0;0;0;0
2005;veneto_5724;0;0;0;0;0;0;0;0;0;0;0;0
2005;veneto_5726;0;0;0;0;0;0;0;0;0;0;0;0
2005;veneto_5727;0;0;0;0;0;0;0;0;0;0;0;0
2005;veneto_5728;0;0;0;0;0;0;0;0;0;0;0;0
2005;veneto_5729;0;0;0;0;0;0;0;0;0;0;0;0
2005;veneto_5730;0;0;0;0;0;0;0;0;0;0;0;0
2005;veneto_5731;NA;0;0;NA;0;0;0;0;0;0;0;0
2005;veneto_5732;0;0;0;0;0;0;0;0;0;0;0;0
2005;veneto_5733;0;0;0;0;0;0;0;0;0;0;0;0
2005;veneto_5734;0;0;0;0;0;0;0;0;0;0;0;0
2005;veneto_5735;0;0;0;0;0;0;0;0;0;0;0;0
2005;veneto_5736;0;0;0;0;0;0;0;0;0;0;0;0
2005;veneto_5737;0;0;0;0;0;0;0;0;0;0;0;0
2005;veneto_5738;0;0;0;0;0;0;0;0;0;0;0;0
2005;veneto_5739;0;0;0;0;0;0;0;0;0;0;0;0
2005;veneto_5740;0;0;0;0;0;0;0;0;0;0;0;0
2005;veneto_5741;0;0;0;0;0;0;0;0;0;0;0;0
2005;veneto_5742;0;0;0;0;0;0;0;0;0;0;0;0
2005;veneto_5743;0;0;0;0;0;0;0;0;0;0;0;0
2005;veneto_5744;0;0;0;0;0;0;0;0;0;0;0;0
2005;veneto_5745;0;0;0;0;0;0;0;0;0;0;0;0
2005;veneto_5746;0;0;0;0;0;0;0;0;0;0;0;0
2005;veneto_5747;0;0;0;0;0;0;0;0;0;0;0;0
2005;veneto_5748;0;0;0;0;0;0;0;0;0;0;0;0
2005;veneto_5749;0;0;0;0;0;0;0;0;0;0;0;0
2005;veneto_5750;NA;0;0;0;NA;0;0;NA;0;0;0;NA
2005;veneto_5751;0;0;0;0;0;0;0;0;0;0;0;0
2005;veneto_5752;0;0;0;0;0;0;0;0;0;0;0;0
2005;veneto_5753;0;0;0;0;0;0;0;0;0;0;0;0
2005;veneto_5754;0;0;0;0;0;0;0;0;0;0;0;0
2005;veneto_5755;0;0;0;0;0;0;0;0;0;0;0;0
2005;veneto_5756;0;0;0;0;0;0;0;0;0;0;0;0
2005;veneto_5757;0;0;0;0;0;0;0;0;0;0;0;0
2005;veneto_5758;0;0;0;0;0;0;0;0;0;0;0;0
2005;veneto_5759;0;0;0;0;0;0;0;0;0;0;0;0
2005;veneto_5760;0;0;0;0;0;0;0;0;0;0;0;0
2005;veneto_5761;0;0;0;0;0;0;0;0;0;0;0;0
2005;veneto_5762;0;0;0;0;0;0;0;0;0;0;0;0
2005;veneto_5763;0;0;0;0;0;0;0;0;0;0;0;0
2005;veneto_5764;0;0;0;0;0;0;0;0;0;0;0;0
2005;veneto_5765;0;0;0;0;0;0;0;0;0;0;0;NA
2005;veneto_5766;0;0;0;0;0;0;0;0;0;0;0;0
2005;veneto_5767;0;0;NA;NA;NA;NA;NA;NA;NA;NA;NA;NA
2005;veneto_5768;0;0;0;0;0;0;0;0;0;0;0;0
2005;veneto_5770;0;0;0;0;0;0;0;0;0;0;0;0
2005;veneto_5771;0;0;0;0;0;0;0;0;0;0;0;0
2005;veneto_5772;0;0;0;0;0;0;0;0;0;0;0;0
2005;veneto_5773;0;0;0;0;0;0;0;0;0;0;0;0
2005;veneto_5774;0;0;0;0;0;0;0;0;0;0;0;0
2005;veneto_5775;0;0;0;0;0;0;0;0;0;0;0;0
2005;veneto_5776;0;0;0;0;0;0;0;0;0;0;0;0
2005;veneto_5777;0;0;0;0;0;0;0;0;0;0;0;0
2005;veneto_5778;0;0;0;0;0;0;0;0;0;0;0;0
2005;veneto_5779;0;0;0;0;0;0;0;0;0;0;0;0
2005;veneto_5780;0;0;0;0;0;0;0;0;0;0;0;0
2005;veneto_5781;0;0;0;0;0;0;0;0;0;0;0;0
2005;veneto_5782;NA;0;0;0;0;0;0;0;0;0;0;NA
2005;veneto_5784;0;0;0;0;0;0;0;0;0;0;0;0
2005;veneto_5786;0;0;0;0;0;0;0;0;0;0;0;0
2005;veneto_5788;0;0;0;0;0;0;0;0;0;0;0;0
2005;veneto_5789;NA;0;0;0;0;NA;0;0;0;0;0;NA
2005;veneto_5791;0;0;0;0;0;0;0;0;0;0;0;0
2005;veneto_5792;0;0;0;NA;0;0;0;0;NA;0;0;NA
2005;veneto_5794;NA;NA;NA;NA;NA;NA;NA;NA;0;0;0;0
2005;veneto_5797;0;0;0;0;0;0;0;0;0;0;0;0
2005;veneto_5798;0;0;0;0;0;0;0;0;0;0;0;0
2005;veneto_5799;0;0;0;0;0;0;0;0;0;0;0;0
